imageID,Input.timeAlloted,Input.reward,Input.hitsAvailable,Type,OverallEffort_trimmedMean30,OverallEffort_mean,OverallEffort_sd,Answer.Q_COMPLEX_AVG,COMPLEX_sd,DIFFICULT_mean,DIFFICULT_sd,Intresting_mean,PAYMENT_mean,Intresting_sd,PAYMENT_sd
306OACM7G04QOX49OC3VEMIMU7KA8L,44 minutes,0.300000000000000,2,CC,61.55,61.73,17.39,9.07,4.98,7.87,4.32,8.20,0.72,6.04,0.51
30E2X49V611K26Z0IIHLB47CQY53NF,60minutes,0.010000000000000,1,IF,28.89,27.85,12.49,4.46,4.07,3.77,3.75,6.92,0.08,5.31,0.06
30E2X49V611K26Z0IIHLB47CQY63NG,60minutes,0.010000000000000,1,VV,33.70,31.93,11.00,3.43,4.31,4.29,3.41,4.93,0.07,4.83,0.06
30GUUI0R316PRKEN69AJEXY15MMBCT,15minutes,0.080000000000000,3,IF,35.20,35.43,20.19,3.93,4.14,3.57,3.44,3.86,0.13,3.32,0.07
319N3DB42B6LKGW48RIT1IUY6MJEPG,45 minutes,0.070000000000000,3,CA,40.44,48.00,37.29,3.46,4.24,2.46,3.18,12.00,0.23,4.69,0.23
31H4HIBP9AWNGDF6JZY7J01Z8LG5HP,5 minutes,0.080000000000000,47,CC,45.67,48.85,24.43,4.85,4.45,6.08,5.31,9.31,0.20,5.41,0.16
31QBDMKNDPO96CGOU6OI3UH1N96L85,2 hours,0.620000000000000,1,CC,67.71,69.27,17.12,10.00,6.94,10.18,6.65,8.82,1.59,5.83,1.75
31QOF9ABLNAV27TO4PXO0GLATWO1L1,10 minutes,0.450000000000000,98,IA,57.63,58.58,17.28,9.33,4.83,10.17,4.24,4.00,0.64,4.49,0.25
31R9JPCYP6DVE0AQVNO2QFRENFMWRA,24 hours,0.020000000000000,24,IF,42.44,45.31,21.18,6.62,5.58,5.77,4.95,10.31,0.11,6.22,0.08
31TTIPZ8XM69HILWQZWMCQMN1KS3GE,20 minutes,0.070000000000000,489,IA,39.00,40.31,16.13,6.15,4.02,4.85,3.31,9.08,0.12,7.04,0.09
31ZZN31VRB1J1I6XNAS9X9DBA59QRV,60 minutes,0.000000000000000,1,SV,14.90,15.86,6.18,0.57,0.94,0.21,0.43,8.36,0.08,6.21,0.06
3203J2GC2PK4HSXGZ2GG107218V84Q,2hours,0.020000000000000,115,CC,47.50,47.90,16.48,6.60,4.90,4.80,4.59,2.50,0.17,3.31,0.08
3203J2GC2PK4HSXGZ2GG1073Z7V84O,2hours,0.060000000000000,81,VV,54.33,55.54,22.01,5.92,6.84,5.31,4.94,2.08,0.51,2.56,0.64
3203J2GC2PK4HSXGZ2GG1074VAS84P,60minutes,0.050000000000000,273,CC,42.67,42.77,12.69,4.54,3.91,5.69,4.48,5.08,0.46,5.51,0.64
320GLP60AN5TS9K5PU8IGRVPKUZ14P,1 hours 30 minutes,0.010000000000000,269,CC,42.36,43.07,26.25,4.87,5.17,3.87,4.17,6.33,0.12,7.08,0.11
320GLP60AN6FM9FGZXIOL5AG38941T,5 hours,0.050000000000000,18,IA,46.71,52.55,21.31,9.09,5.36,7.64,4.80,9.09,1.90,6.06,3.99
323KIQYDLQ7S9UIT4NE6QLFONB14CB,60 Minutes,0.050000000000000,1496,CC,49.25,51.17,19.27,7.08,4.10,7.75,4.39,7.25,0.17,4.20,0.15
3244QHISJ1ITNE98CFK36E7RG91L0N,60 Minutes,0.010000000000000,1,VV,18.63,20.40,13.86,0.90,1.60,1.30,2.11,6.90,0.05,6.08,0.04
3244QHISK2XKVEPCAXDY38M44I9L04,24 hours,0.100000000000000,77,IA,37.64,42.87,25.74,5.93,5.44,5.67,5.22,9.20,7.13,5.98,18.83
329GGY5YRI5WHTWS4FZ9QWPAMFRT4W,60 minutes,0.150000000000000,62,IF,58.86,61.27,16.70,9.00,5.06,9.27,5.50,6.82,0.18,5.84,0.07
32GVUSPLEYOYH9SP841K39EVOUOK3Z,24 hours,0.100000000000000,72,IF,37.88,37.00,17.55,7.20,5.18,4.80,4.10,4.80,0.20,4.66,0.12
32GVUSPLFZ61Q5EOZV799O813X5K3C,1 hour 40 minutes,0.300000000000000,9,IF,71.86,72.36,28.07,6.91,5.13,6.82,5.46,8.18,0.90,4.90,0.77
32JEHGQ0QIPYH7JPSF8OLMHJ8AAU81,45minutes,0.080000000000000,32,CC,40.63,45.00,17.29,3.92,5.18,5.58,4.81,6.17,0.19,5.46,0.12
32JRJ3GOYGFHSVM6IWA88RJNYD8U1D,15 minutes,0.150000000000000,92,CC,34.73,36.93,18.71,5.00,5.18,3.67,5.11,10.60,0.12,6.31,0.05
32SOQFN7RN4Q5SNOXDF8KS0W4TRIPM,10 minutes,0.020000000000000,1403,CC,30.75,32.50,8.11,3.40,3.31,4.00,4.24,6.70,0.08,5.03,0.06
32WAV7G60PNC75TK9C1M3A29EH0D36,60 minutes,0.180000000000000,277,IF,53.71,54.45,18.82,8.64,4.54,6.73,3.88,4.64,0.21,4.50,0.09
32WAV7G6ZOBEE25MHO1EVKD7PUBD3N,1 hour 40 minutes,1.020000000000000,1,IA,55.20,57.36,24.97,8.00,6.64,8.93,6.73,6.36,1.63,6.45,3.16
330XZFCZ7R2IEZH3T3I3O6ANM0DXTM,10 minutes,0.050000000000000,35,IF,31.00,31.93,14.78,3.86,2.82,3.64,2.73,6.36,0.08,6.03,0.03
330XZFCZ7RB627L6HWI9543W690TXG,60 minutes,0.050000000000000,13,IA,41.82,41.47,18.25,6.47,4.29,6.67,4.79,7.60,0.14,4.34,0.08
33EWWXEH81XUPFZ4BLANE2SZQMJ40X,60 minutes,0.100000000000000,3,IF,45.44,44.77,19.01,6.46,5.68,5.00,4.10,5.69,0.18,4.29,0.11
33FLRCV01N0NF725EJLGLLU8UGYORG,60 seconds,0.100000000000000,100,IF,58.67,58.46,23.81,6.69,6.21,6.85,5.97,3.77,0.28,5.28,0.13
33QM7VBL79CAH7ME53S2DMVHTOZ3QX,16 Minutes,0.150000000000000,6,IA,41.56,41.54,18.88,7.77,4.42,6.92,4.09,8.46,0.21,5.67,0.16
33RX46D1RXVH625SCIG7UWSYT80X1J,30 minutes,0.040000000000000,85,IA,29.90,31.07,14.08,2.50,2.03,2.07,1.59,7.50,0.15,5.75,0.10
33XMDKLTFSU7YK1SQJZ2MPHPZ4ZZCZ,30 minutes,0.300000000000000,1,CC,44.25,46.08,16.40,6.00,5.91,6.25,4.27,8.83,0.68,5.87,1.25
344RGS4J7S874QSQIPH3B5TQWFPMPU,60 minutes,0.000000000000000,1,SV,10.73,12.20,7.82,0.53,1.60,0.40,1.30,6.60,0.06,6.49,0.07
34B3PHKY7L0QRWI1JO5S4NCKMT3NE1,15 minutes,0.050000000000000,118,IA,39.00,39.18,15.26,6.18,3.54,5.64,2.69,9.27,0.06,4.61,0.04
34KQN2TBKTGWLIK008X22C5QD2JSAJ,45 minutes,0.040000000000000,1205,CC,43.50,44.21,17.08,3.64,4.53,5.14,5.43,6.50,0.12,7.81,0.12
34RF8KPUOTU14SPS6MXYXNPWVK7SBH,45minutes,0.140000000000000,8216,CC,42.09,44.00,16.84,4.40,4.40,4.07,3.86,7.27,0.19,6.18,0.11
34YKDDZP3UMABNHOK8ECJ4FCOZJWHB,20 minutes,0.500000000000000,1,CC,50.50,55.92,32.43,8.67,6.67,6.33,4.38,3.42,0.72,4.12,0.38
3568B45QGKRG3Y1LZDHA1JA6BSCO3E,5 hours,3.000000000000000,1,IA,44.71,46.45,15.72,5.91,4.53,3.82,4.12,14.64,2.36,2.94,0.94
3589VT1T2BGMXIVHZGNGS492OQIJN8,5 minutes,0.030000000000000,938,IF,42.20,42.86,10.65,5.93,3.71,5.07,3.83,6.29,0.21,4.87,0.29
35DAEVU8JHJ10FFZ10EN4CRDQ8F870,2 hours,0.010000000000000,4978,IA,34.29,36.18,23.90,4.64,3.98,4.36,4.63,4.36,0.23,6.19,0.35
35GRDJC92I6VOWRC3MF6JHNHWWLC7I,60 minutes,0.030000000000000,40,CC,50.00,57.00,28.57,9.69,6.77,9.15,5.64,2.62,0.32,2.99,0.29
35HIM1LU2HRMGPBVQO0P66HG1MBI5I,2 hours,0.070000000000000,2828,CC,52.38,54.83,25.66,7.08,5.78,7.00,5.61,9.67,0.30,5.53,0.16
35QUA2ABY634ZYN782PTB2BL5I8EGJ,2 hours,0.100000000000000,1,VV,37.67,40.15,14.12,3.69,3.68,4.23,3.61,6.38,0.17,5.01,0.15
35QUA2ABZ7MBAB0HZGYJHQ28USWGE7,20 minutes,0.020000000000000,5648,IA,23.71,26.64,15.00,2.64,3.64,3.45,3.62,7.36,0.08,6.92,0.09
361LJMRMCQ5CDYJ025B6700NV8CUR4,60 minutes,0.030000000000000,1,SV,14.10,15.86,10.57,0.71,1.20,0.43,0.76,9.14,0.08,7.88,0.08
369VX4MEOJAKM0DV8XRK62EAJWKGI1,3minutes,0.150000000000000,1,IA,34.30,35.86,20.05,4.57,4.29,4.93,4.95,9.93,0.19,4.89,0.22
36ARV8EEH67U95XPYN59VTZKFJ2VA1,60minutes,0.300000000000000,1,IF,52.13,53.10,19.07,6.40,5.17,6.20,4.64,5.20,0.40,5.35,0.44
36FIWAXJH5YZ4NF13JA9L63DO7Z3AS,60minutes,0.200000000000000,2557,IF,72.40,72.64,29.08,11.64,6.55,11.86,7.10,3.64,0.91,5.98,0.67
36HGGQAXL6KTNEA2DMTHLEEUZ4CVBW,3hours,0.150000000000000,19396,VV,38.43,39.55,16.27,6.73,4.24,5.73,4.50,8.27,0.51,6.62,0.74
36HGGQAXL6L87J29O35QD9YQWSFBVG,24 hours,0.040000000000000,13,VV,27.50,29.67,19.93,3.08,3.42,3.33,3.85,11.92,0.12,4.70,0.09
36IAL8HYOXSPP9QYVLXZPMFW48E4R6,5 Minutes,0.010000000000000,1,SV,13.64,14.33,9.70,0.93,1.49,1.00,1.69,9.33,0.05,7.23,0.03
36MWL0IRGCO0L6PQ7W22BBNT0ICOHL,60 minutes,0.050000000000000,7,VV,45.22,47.23,13.10,4.77,4.68,6.23,3.92,3.69,0.25,4.21,0.30
36QDS77QN9NG5USZQM0XMAC2L97HFT,10 minutes,0.010000000000000,2413,IA,51.22,53.54,28.66,7.23,5.99,7.38,5.69,4.85,0.15,4.90,0.11
36QDS77QN9Y3AP81GU3ZJ983H37HFJ,60minutes,0.020000000000000,644,IF,45.90,49.29,22.78,7.50,5.20,8.57,5.54,4.57,0.20,5.73,0.19
36R3RQSDPTXRSZ6X7FR6HZHDYAF078,60 minutes,0.250000000000000,1,IF,63.30,63.14,18.25,10.86,4.88,10.36,4.18,8.64,0.34,6.13,0.13
375FCEJV4GX4B1VR293XJCDD0I7CCJ,12 hours,0.600000000000000,1,CC,80.71,84.18,15.38,12.55,3.47,11.73,4.63,4.18,0.49,3.74,0.41
375MF9UHMRPR2XWE6NL8JC3TL1HSX9,7 days,0.010000000000000,4,IA,26.00,27.20,9.67,2.80,2.73,2.60,2.77,7.27,0.06,5.61,0.05
37672WDDC2JA93V4O46FCCJ2VAJNM9,30 minutes,0.250000000000000,1,VV,30.00,32.38,17.23,2.92,3.01,4.00,3.49,11.23,0.13,3.72,0.10
378UBY8FQ61LFCJMHZWZTRZI59A8TB,10 minutes,0.080000000000000,42,IA,39.64,38.20,16.57,5.00,4.58,4.20,3.69,7.67,0.30,5.31,0.30
378UBY8FR7AABMKBM232FCEFT60T8E,40 minutes,0.400000000000000,665,CC,58.40,56.64,14.80,9.00,3.84,8.64,3.99,9.86,0.33,6.00,0.14
379R4POZ46ZM5D7FMP5TH9FBQ7PRXR,60 minutes,0.020000000000000,230,IF,43.13,43.20,18.23,6.00,5.83,6.10,6.31,3.80,0.29,4.85,0.41
37FXVUXR5NUGX6LAN3N06Z6PNZ6EWN,2 hours,1.500000000000000,1,IA,61.40,63.50,28.16,8.64,3.97,8.21,3.75,7.00,1.04,4.56,0.49
37NNZ8MO7S6VRHEMSEGUVBLX898EQM,10minutes,0.020000000000000,1226,IA,29.43,29.00,10.61,3.73,4.15,2.82,2.48,11.18,0.08,5.67,0.06
37QHTW84X0Z4WRFH6C4VHQ7JNTDJDT,5 days,0.200000000000000,1,IF,51.11,52.38,20.83,8.62,5.28,8.69,4.33,4.85,0.32,4.67,0.31
37ZHE2JT1D250TKIB56TICN73UM88S,2hours,0.080000000000000,13,VV,50.67,55.69,24.73,8.00,5.21,6.46,5.09,4.00,0.51,5.86,0.63
37ZHE2JT1D250TKIB56TICN73UQ88W,20 minutes,0.030000000000000,20464,CC,34.25,34.80,22.12,4.20,4.78,6.30,4.90,5.30,0.10,5.91,0.08
37ZUGP9H9BONPT0XCKXE3200JPH817,2 hours,0.080000000000000,2,CC,58.22,55.85,23.64,5.31,5.41,5.38,4.89,3.38,0.31,3.66,0.30
37ZUGP9H9BONPT0XCKXE3201JQL81F,60minutes,0.050000000000000,217,CC,38.00,41.60,19.37,2.30,1.57,4.10,5.76,3.70,0.34,6.65,0.38
38464Y8J3VK9Y56OSLPV9KDIFIGV4J,60 minutes,0.050000000000000,3,SV,11.00,12.07,8.20,0.33,1.05,0.13,0.35,7.80,0.10,6.25,0.14
389X50RO4VDYCDHURIYQ7760LL5343,4 minutes,0.150000000000000,984,IF,46.10,48.00,21.92,5.93,6.59,7.64,5.68,5.50,0.33,5.20,0.20
38DNTK7MFN2OC2PZPWU81IIJXME01H,60 minutes,0.020000000000000,1,SV,19.13,18.83,12.15,1.42,2.57,1.33,2.06,10.33,0.14,6.76,0.11
38DNTK7MFN34LCW85JTSAD2CXFQ01S,4minutes,0.010000000000000,2012,IF,31.50,31.86,17.53,2.21,2.55,3.86,4.49,5.64,0.09,5.72,0.08
38DNTK7MFN3UAZX8DF8S385AB3E10K,60 minutes,0.100000000000000,523,CC,47.30,47.14,19.03,6.79,4.37,6.93,4.50,8.36,0.19,4.33,0.11
38FWZZ3ILTDK8ICQRL4PWREV0HIYN7,5 minutes,0.120000000000000,1,SV,22.67,22.62,8.85,1.46,1.39,1.38,1.19,9.85,0.10,5.70,0.04
38GRQLZZQQCOARQX7FK2NWOBS4K0CN,6 minutes,0.010000000000000,29,VV,29.38,32.83,19.77,4.50,4.80,3.75,4.54,7.67,0.14,5.74,0.32
38LYNH3Q4ODLGFNEHSAP2J87XNZMGY,10 minutes,0.050000000000000,3,CC,21.75,24.25,18.03,4.33,5.63,2.17,3.90,6.25,0.12,6.76,0.17
38LYNH3Q5PUFYTLC9WG1VAJL0LTGM5,60 minutes,0.050000000000000,1,CC,50.14,51.22,12.26,8.33,4.92,7.78,6.40,5.89,0.25,5.78,0.27
38NH2CI7ROPJ1MAJ3F139HJ5CPPVU5,10 minutes,0.010000000000000,493,CC,36.80,40.00,16.96,3.00,2.77,6.07,5.51,5.29,0.08,5.99,0.07
38NH2CI7SPCMWUJ4T62C2GD654VVUY,5 minutes,0.110000000000000,1,IA,31.75,33.80,17.17,2.30,3.27,1.90,2.02,10.70,0.16,5.06,0.10
38VQ1AW9T5WCGLEK2ZAP9I6I4O826I,6 hours,0.050000000000000,1,CC,57.63,59.08,31.92,8.58,5.98,7.17,6.34,7.08,0.40,6.10,0.36
390EOHYPK4Q05K2TRHZ1W9N0LW8X3W,3 hours,0.030000000000000,133,IF,36.63,39.58,15.62,4.42,5.09,5.08,3.85,4.83,0.20,4.20,0.25
394TEHR260P29GUZO0UUQSDZ63O65J,60 minutes,0.010000000000000,24,IA,10.56,12.31,9.75,1.23,3.06,0.23,0.44,14.54,0.03,5.90,0.02
39PLFW4P2L2RPNN40J9QB1XCZ2O4HT,60 minutes,0.090000000000000,366,CC,52.88,58.75,37.40,6.92,6.08,6.83,6.31,1.83,1.05,1.99,1.07
39UNKKTVDF8Y9H8JFO9U930XMBHYGJ,30 minutes,0.020000000000000,22,IA,20.60,25.21,18.87,2.71,4.03,2.50,3.86,6.00,0.09,6.61,0.07
39UNKKTVDFFX9VEX2EW7RYBUQ2JGYD,3minutes,0.010000000000000,6,IF,39.80,39.21,14.72,3.86,3.68,4.93,3.87,6.86,0.14,7.27,0.14
39VNNFFKK59EW3XI1HP5P046ZAXXVP,15 minutes,0.050000000000000,831,IA,49.09,54.47,30.16,10.20,4.97,8.47,3.70,5.87,0.36,4.09,0.49
39Y8ZSVZWWM1XMK47AFGQNZOPQQVZE,60 minutes,0.040000000000000,10,CC,45.64,48.53,24.20,9.33,5.97,9.53,6.06,6.13,0.48,6.70,0.93
39Y8ZSVZXXM4Z9DMIL8I9OJZBK9VZ6,60minutes,0.100000000000000,2277,IF,46.00,44.57,11.63,7.00,4.42,5.71,3.69,6.14,0.15,5.72,0.11
3AA189Q6B51983MEFLORU493K7KMWE,60 minutes,0.040000000000000,1,IF,46.44,46.08,17.49,6.15,4.04,6.15,4.98,5.92,0.22,4.07,0.23
3AA189Q6B52Z6L7EV3NS06BHCKRWMY,3 hours,0.100000000000000,278,CC,47.00,48.50,23.67,7.07,5.40,6.50,4.36,8.29,0.20,6.26,0.23
3AA189Q6C6N6C9XRHK508ZBLMH8WM3,60 minutes,0.010000000000000,5280,IA,24.75,24.10,13.46,4.00,4.47,3.40,4.55,10.90,0.06,7.08,0.05
3AA189Q6C6TLNJILLV2LOGYDJT7MWV,60 minutes,0.100000000000000,20,SV,46.11,45.31,24.26,3.31,4.25,4.77,4.99,7.00,0.25,7.06,0.32
3AJ89545NQHYX91N7X3ADUYHKVTBEA,60 minutes,0.200000000000000,26,SV,45.13,46.92,16.85,5.67,4.10,3.75,2.45,9.92,0.45,4.74,0.44
3AJ89545NQRFJUS6JU65GFBBEJ7BEW,20 minutes,0.020000000000000,4228,IA,35.00,38.31,19.28,5.62,4.87,6.23,4.51,3.69,0.12,2.46,0.09
3AMAQJSW8I20H10ADEKNBNOAVRROI5,60minutes,0.050000000000000,1,CC,66.90,67.00,27.47,7.64,4.60,8.57,4.73,3.29,2.39,4.05,6.20
3B9PUZPHFHW5PZT5Q7OV88NG9W6JA5,5 minutes,0.050000000000000,1,CA,43.10,44.71,23.81,7.57,7.07,5.21,6.47,3.07,1.14,4.18,1.55
3BGEFHL0JHEL8I3UU0A0G1OJRYOJBS,3hours,0.350000000000000,4,CC,50.11,52.69,16.09,9.08,5.33,6.92,4.97,8.77,1.01,5.04,0.70
3BHOG8KFNLAK9AB1ZQLEP6Q0T3RR81,1 hours 12 minutes,3.240000000000000,1,VV,79.88,78.17,26.38,8.08,4.60,7.83,4.17,9.50,4.47,5.54,1.70
3BK5FW2G6MZ18ENS8D29GOXE9AHRCA,60 minutes,0.150000000000000,28,IF,47.64,46.60,19.82,6.33,5.27,8.93,4.50,4.47,1.68,5.14,4.68
3BRG9Q58M1LAH7AQ01RWX47CRWFYQ2,60 minutes,0.250000000000000,1,CC,45.00,46.07,21.83,7.07,5.99,4.57,3.99,9.93,0.34,6.20,0.19
3BZN229KV5TWHZF32GLR8LCC1TX6DS,10minutes,0.080000000000000,2,CC,33.22,35.54,20.57,4.00,4.20,3.38,3.04,6.77,0.11,6.29,0.08
3CF7EZI55RWEYNZ9U956QWWUG93IL2,24 hours,0.020000000000000,2,VV,32.57,41.45,30.47,3.55,4.66,4.45,4.03,4.82,0.14,4.58,0.14
3CP9VRCFS74RV9VXRUIMMBYWTQDUEZ,3 hours,0.250000000000000,9,VV,37.56,39.62,14.48,5.00,4.90,5.15,4.90,11.23,0.19,4.59,0.11
3CTCX9NXB5M1LSUM0XPXZV8QE2WLJA,10 minutes,0.000000000000000,689,IA,26.88,27.67,12.93,3.42,4.19,3.42,4.17,9.92,0.25,5.74,0.32
3CTCX9NXC67QIV0KKFDEFSMCFTJJLN,15 minutes,0.500000000000000,1,CC,45.33,47.23,14.32,8.23,4.23,7.00,2.86,9.38,6.64,6.37,17.52
3CVHT3IKUYKSX9WRAWTF52715RU0R4,3 minutes,0.020000000000000,1870,CC,25.78,27.62,15.79,2.85,3.56,2.62,2.66,11.38,0.04,7.61,0.02
3D00S7P7YG22I1NWJE5APKC40DIEZA,45 minutes,0.500000000000000,10,IF,65.60,64.79,17.43,7.86,5.20,5.50,3.50,9.07,0.61,5.44,0.64
3D3KZYB02J3NX4IAX3WJJNSJTAYV8O,60 minutes,0.050000000000000,42,CC,53.29,57.09,26.43,9.36,6.25,8.36,6.30,7.36,0.31,6.15,0.33
3D3KZYB03KLUXQ4AWC4FKH86OYE8VD,30 minutes,0.020000000000000,2,IA,16.00,18.15,12.42,3.00,5.20,2.23,3.22,8.38,0.08,5.35,0.09
3D7N1211P8PBU1MJEXLJFBT15KWAMH,2minutes,0.030000000000000,2,SV,44.38,49.00,24.29,5.67,5.05,4.83,3.30,9.17,0.44,5.36,0.76
3D8B00U52IVJZWECZOBXRVFXL2U83O,2hours,0.010000000000000,83,CC,43.75,45.75,15.11,7.75,5.64,7.25,4.99,4.00,0.21,3.13,0.16
3D8B00U52IVJZWECZOBXRVFYHAV833,60 minutes,0.050000000000000,24,CC,36.44,36.46,10.78,5.00,5.51,5.23,5.07,3.69,0.10,5.54,0.07
3DBJK6OC3AF4JLMP40JUKZIT4XNYF3,30minutes,0.200000000000000,12,IF,52.00,52.17,17.38,7.25,4.25,6.83,4.51,9.92,0.23,6.69,0.13
3DCXWU0MSDB2RCYGDPZ82R371ZGTVX,3 minutes,0.050000000000000,6,IF,45.89,44.92,19.17,4.85,4.34,7.08,5.06,9.00,0.20,5.83,0.22
3DECMKXKT815JCLN1RI1KKDJDFAMBB,15 minutes,0.010000000000000,1,IA,46.67,47.54,22.76,7.69,5.89,6.23,4.87,8.54,0.20,5.56,0.16
3DHOXWJRSC3OAPE5AL86OV64DJCT3O,40 minutes,0.200000000000000,61,CC,47.89,49.15,20.40,7.31,5.17,7.38,4.31,11.23,0.21,5.76,0.14
3DPZKFEUURUGTQUQB4SOUUG5ZFPI4V,2minutes,0.070000000000000,2,CA,67.13,67.67,15.36,12.33,5.76,11.00,5.34,3.58,0.31,4.14,0.17
3DPZKFEUVSIPT2ERNEAT4GS1UAKI44,30minutes,0.500000000000000,6,IA,39.40,41.43,22.01,6.71,6.55,3.29,4.64,6.29,0.41,4.82,0.10
3DXFGU9SKN7P79WJOTN6EK4MLG3EXS,15 minutes,0.050000000000000,3,IA,39.57,40.44,8.43,5.67,5.63,5.33,4.39,6.11,0.23,5.60,0.19
3DXFGU9SLODY46WA7XIQCVBUTMKEXQ,2 hours,0.900000000000000,1,CC,67.78,68.54,22.64,6.46,4.70,5.92,3.40,9.77,1.88,7.77,1.55
3E9JM64F23SDM8DQUQW3OKIR1A0NP8,60minutes,0.000000000000000,1,SV,11.38,12.75,9.87,0.33,0.65,0.25,0.45,6.00,0.04,7.60,0.04
3EJ1F91ANSU6O8N3S3NGZ4GVCA2IZW,6 days,0.100000000000000,363,IA,44.89,48.15,21.74,7.31,5.44,8.15,5.24,9.69,0.31,6.84,0.39
3EOZAW7619J5YKCNUIDNV84T8098HV,3 minutes,0.010000000000000,1,VV,21.67,21.85,10.13,2.62,3.04,2.38,3.28,6.46,0.02,6.28,0.01
3ERG9KP7KAETHL286FNRQ00RYLWCHM,60 minutes,0.000000000000000,1,SV,8.90,10.36,7.94,0.21,0.43,0.36,0.63,9.07,0.10,7.58,0.17
3EULM6QNGEDGI0DDZ62WA3R8YV4JXB,3 minutes,0.030000000000000,1,SV,12.00,12.75,8.40,0.92,1.73,0.58,1.00,11.67,0.03,4.74,0.02
3EX6YJ62T6GKTDIQJCCYD4JMD62ZJG,30 minutes,0.200000000000000,4,IF,40.88,43.00,12.41,6.42,3.70,7.08,4.34,8.92,0.20,5.85,0.11
3EXC7SWSR38EV80UNYXZTOBA3ESHT8,60minutes,0.020000000000000,1610,IF,34.11,36.38,19.27,2.38,1.89,3.15,3.08,8.54,0.17,4.96,0.21
3F0Z1FPMUNUP6TOTMH2XGS6T5GJLYU,7 minutes,0.050000000000000,3871,CC,19.43,19.55,6.70,0.82,0.87,1.27,1.01,7.82,0.06,6.43,0.03
3F0Z1FPMUNWB7D1EFV5M6IVBAHELYR,10 minutes,0.060000000000000,100,CC,49.00,49.50,14.84,4.00,3.80,6.40,4.43,12.10,0.31,2.73,0.36
3F12ASV6AWHSTTB7IFZKMVGLLVZM46,1 hours 23 minutes,3.730000000000000,1,VV,74.29,75.64,15.48,6.91,4.13,9.55,3.98,9.36,5.79,5.46,3.67
3F2SNR5B8MKSI92Q9DG0FV11BKO0HL,2 hours,0.030000000000000,1,CC,75.38,73.92,18.19,10.83,4.78,9.08,4.32,8.75,0.71,7.24,0.44
3FKD865UZQBJZ4661LLBINGEMFPMUJ,1 W 3 days,0.300000000000000,1,CC,90.14,91.44,30.82,13.11,5.49,14.11,4.46,8.44,0.98,8.46,1.03
3FKD865UZQBJZ4661LLBINGENHPMUO,1 week 3 days,0.300000000000000,1,CC,59.29,61.67,22.84,6.56,5.36,8.78,4.12,7.33,0.57,5.98,0.39
3FKD865UZQG0HB1FDHAJVT0FL3FMUG,60minutes,0.050000000000000,933,IF,45.38,46.33,12.86,4.92,4.44,6.33,4.64,5.75,0.13,4.75,0.10
3FOA7RUSUPLLDDXZNITMB1EHL6FPGL,60 minutes,0.100000000000000,6971,IA,30.40,30.50,12.39,2.21,2.39,2.21,2.12,13.21,2.31,5.74,4.36
3FQJF6D1R1SUSJ130G368H5I02G92S,60 minutes,0.050000000000000,5,CC,41.78,43.54,20.52,4.00,4.71,4.46,5.24,2.69,0.50,2.63,0.68
3FQJF6D1S2STVEIP11IICRPWDI892M,20 minutes,0.030000000000000,1,IA,33.50,37.21,22.86,6.00,4.49,5.36,4.52,8.43,0.08,5.73,0.09
3G2I6FODBC43UCDM72LBPP8Z9I0L60,2minutes,0.100000000000000,1,IF,58.00,56.08,23.82,4.58,3.65,6.92,6.08,4.42,0.15,4.64,0.08
3GAR7VLBJNDRH4HH5ZWWCFRBGXZ4Y9,10minutes,0.040000000000000,10472,IF,41.57,42.09,15.23,6.18,5.33,5.91,3.73,5.00,0.13,4.77,0.07
3GAR7VLBJNEKQVA3XEJQ66MZFEXY4T,12 hours,0.900000000000000,29,IA,50.44,51.77,27.90,6.77,5.69,5.85,5.41,7.62,0.93,5.36,0.60
3GBCJUK5C2GRHG97MHYVG9NBQMOPK9,60minutes,0.020000000000000,12225,IA,23.00,22.18,12.92,1.73,2.65,1.55,1.37,9.09,0.05,6.93,0.03
3GBCJUK5C2NMDEDWS686X6QI2G8KP3,10 minutes,0.010000000000000,4,CC,32.10,36.21,21.28,5.07,5.12,5.43,4.55,9.79,0.08,5.32,0.03
3GC8IVJ10EOCB71QWZ4YFX98VOS9NN,60minutes,0.040000000000000,34,CC,71.13,72.00,27.52,11.60,7.28,9.30,7.63,8.50,0.68,6.69,1.14
3GRRK9BQWRDBESRD36S5634M392PD9,2 hours,2.020000000000000,1,VV,88.00,86.83,19.14,12.33,4.79,12.25,4.86,5.83,2.01,6.51,1.25
3GRRK9BQWRPD54OGKFA4YQ8537VPDJ,60minutes,0.050000000000000,688,VV,28.78,28.08,9.67,3.92,3.52,3.85,3.18,11.23,0.19,4.64,0.30
3GZMSD8U5X9MRGKQIZ546O8UKB695Q,60minutes,0.050000000000000,41,CC,32.00,32.33,17.59,2.17,3.04,2.92,4.32,5.42,0.20,6.08,0.24
3GZMSD8U5X9MRGKQIZ546O8UKC795T,60minutes,0.050000000000000,17,VV,46.38,48.00,19.30,7.58,4.89,6.33,6.57,3.83,0.24,5.17,0.13
3GZMSD8U6Y8M82W4VRHXFG1G1IS95R,60minutes,0.070000000000000,2,CA,50.00,49.93,23.98,5.64,5.33,5.00,4.98,8.57,0.20,5.14,0.16
3H41Q6XMRNJ731MM548PSMBGOYMG2I,1 hours 40 minutes,0.100000000000000,23,IF,71.29,70.91,26.98,10.27,5.35,9.36,5.70,7.45,0.30,5.85,0.33
3H41Q6XMRNUCK2PCFPR6Y35LJFT2GW,5 minutes,0.010000000000000,51,IA,18.40,19.64,11.10,2.07,2.53,3.00,4.02,8.57,0.06,6.41,0.03
3H5CSD5832HNKRNN8SDJ6TWED17E80,7 days,0.010000000000000,82,IA,24.70,26.36,19.88,1.71,2.37,1.43,2.24,11.71,0.14,7.08,0.24
3H5CSD5832HNKRNN8SDJ6TWL583E8G,7 days,0.010000000000000,14,IA,18.63,18.70,13.52,0.90,1.45,2.90,4.15,7.60,0.04,6.64,0.03
3HBZ8AD97D3GZ7VEBIN9M18U9EHNN5,60 minutes,0.100000000000000,149,IA,37.78,39.92,21.96,4.15,4.45,3.92,4.27,9.85,0.29,3.69,0.26
3HL3WX653BXN6QCFW6M6ATC7KPGPQT,60 minutes,0.200000000000000,1,CC,72.33,73.77,25.28,10.46,6.27,11.38,5.85,8.69,0.61,6.47,0.24
3HQI26VRPRS5H4RSBPY2KOCMRQ13R0,60 minutes,0.020000000000000,6,IF,39.40,37.64,10.14,3.86,3.32,3.29,3.67,3.93,0.11,4.14,0.05
3HVLA9UQN4GKVQOHDHMDH1A7KETU66,7 days,1.000000000000000,1,UM,82.14,81.36,20.40,13.45,4.50,12.00,5.23,10.64,6.25,6.31,9.30
3HYDIS22CWMMEZBE3G64NG7ZMZON5V,3 minutes,0.200000000000000,13,IF,49.56,49.08,17.14,5.77,4.94,8.31,6.05,7.31,2.74,5.19,6.98
3HYDIS22DXJRRCQBI3AE9ELUHK15NC,10 minutes,0.200000000000000,29,SV,30.89,30.23,9.32,3.92,3.04,2.38,2.33,13.15,0.17,4.39,0.07
3I3RVCR3FK2XEB4GMX9G7IJ2RLH6XI,60 minutes,0.200000000000000,52,CC,40.56,43.54,18.25,7.38,5.61,7.15,5.93,8.15,0.12,6.15,0.08
3I5ZXD44IULX7AZS354F5V5W46GJCA,7days,0.010000000000000,1,IA,23.20,25.93,17.64,1.36,3.13,1.43,2.74,11.93,0.64,6.87,1.65
3I5ZXD44JVHG9J4AOHWFS96B5XBJCP,4 minutes,0.010000000000000,1,SV,37.13,41.00,16.99,8.33,4.92,4.08,4.23,7.25,0.73,6.00,0.81
3ID43DSF5JBJ2SZGW2H8HR9RGRT5G5,60 minutes,0.010000000000000,34,IA,17.44,17.62,10.68,1.31,1.32,1.85,1.72,8.85,0.06,6.34,0.03
3IE95L92ROOBGIB0W5PPNWUUL5E7M3,4 minutes,0.070000000000000,1,IF,17.38,17.80,11.51,1.60,1.65,1.50,1.90,9.40,0.07,5.91,0.04
3IOQH27Z2E4FFLJVR8TNNB4HIMC1IN,60 minutes,0.100000000000000,81,VV,55.00,58.00,27.93,10.86,6.09,9.71,5.30,7.79,0.68,5.07,0.43
3IR329NZ7YGB0BGT612CO4BTUIW2K0,60 minutes,0.200000000000000,6,IA,45.63,47.33,20.54,4.75,4.39,5.25,3.72,10.75,0.82,6.40,1.69
3IRUE3ZCDH3J5468JOOGJ1Y2ZWZIC5,10 minutes,0.100000000000000,9,CC,46.10,48.57,23.58,5.36,5.20,5.50,5.19,6.21,0.16,5.73,0.09
3IXQCB6XI8S61DI53P5ICGI2I9BTIR,60 minutes,0.020000000000000,1494,IA,50.50,54.58,25.49,9.08,5.35,8.58,5.76,3.08,0.20,3.42,0.19
3J06FGISLU272UJU8S9F5O38AK5K50,7 days,0.030000000000000,18,SV,38.22,40.23,13.74,4.92,3.30,4.54,3.36,11.38,0.18,4.91,0.14
3J06FGISMVRO4EVZMT2NFJ1KME95KI,60 minutes,0.010000000000000,5498,IA,23.40,23.64,8.94,1.50,2.47,1.29,1.64,12.86,0.05,6.76,0.05
3J567DP9LLBDQUW0322ZJ0FWFWZFPB,45 minutes,0.070000000000000,90,CA,29.90,30.29,13.41,3.21,3.58,2.71,2.37,8.50,0.24,5.10,0.20
3J5HEGTZRLQ9SE8SW9LZS2A15OXGGI,5 minutes,0.060000000000000,5,IA,28.00,30.54,16.35,5.08,5.87,2.85,2.51,11.38,0.12,5.81,0.07
3JCELWMC4PY7J05E7LXQXNDWO6Y3V4,60 minutes,0.200000000000000,505,CC,55.56,57.00,34.21,7.46,7.13,7.85,6.87,5.77,0.44,5.89,0.36
3JG2O8WUZH7UTHWSYCP6CNBWVH79WZ,5minutes,0.100000000000000,1,SV,36.25,40.42,24.27,5.42,6.24,4.42,5.35,5.08,0.27,6.04,0.23
3JGBBKK855Q5HY1J6RVO56S97I9J0I,6 days,0.100000000000000,361,CC,48.43,50.55,19.04,7.82,4.98,6.18,4.62,8.73,0.28,5.06,0.30
3JGLGV9D6KL86TQHYYZCMI0V13JD5Y,7 minutes,0.050000000000000,200,CC,18.38,19.08,9.37,1.25,2.86,0.83,1.59,7.92,0.07,6.13,0.04
3JT4BYK2Y4IL1Z22PAHP7P5PI0U2WH,1 Hours,0.050000000000000,1,SV,42.86,44.89,23.05,4.67,4.66,4.67,4.27,9.78,0.43,1.64,0.63
3K0G5SYN9K0M6D335K10A1FE8RM8MU,45 minutes,0.400000000000000,20,IA,63.11,63.69,24.21,9.62,6.16,9.54,5.38,7.54,0.76,4.01,0.58
3K0G5SYNALYS7SB8UL3I5RQZNM3M85,3hours,0.350000000000000,42,IA,49.20,51.71,19.07,6.86,5.80,6.64,4.29,7.14,0.42,6.01,0.15
3K0T7FOBIJOUXM7ZLBPJYBSGQYWM14,30 minutes,0.500000000000000,1,CA,33.75,38.50,24.90,4.00,4.11,4.70,4.74,6.50,0.23,5.08,0.22
3K27O5FVBZ6Y1U1OKHZVRLOYVIWW5C,30 minutes,0.200000000000000,26,IA,40.33,44.69,23.81,5.69,5.17,4.54,4.29,10.15,0.31,6.59,0.22
3K3X4GGOSLN6JKEE0NBXYD5PSA6MC7,30minutes,0.050000000000000,902,CC,65.67,66.46,23.55,9.00,5.39,9.38,5.03,4.08,0.48,3.62,0.39
3K3X4GGOSLN6JKEE0NBXYD5PV12MCO,30 minutes,0.050000000000000,19963,CC,59.38,61.40,26.18,8.60,6.02,8.10,5.43,7.50,0.32,5.42,0.26
3K3X4GGOSLN9WHITSDB41LMDI6SMCK,15 minutes,0.050000000000000,1022,CC,67.33,64.15,20.14,9.62,3.75,10.54,3.71,8.08,2.66,5.89,7.01
3K9T2ON9ZE5ORLPELXZMHUO84LJMTT,10 minutes,0.100000000000000,1,CA,41.89,43.62,19.64,5.31,4.55,4.46,4.27,11.92,1.48,3.99,3.45
3KNJI1FZ8L912486RAFQQV3ZEP6NQU,60 minutes,0.250000000000000,4667,IA,46.20,47.50,17.80,7.07,5.33,7.21,4.85,9.93,0.34,5.24,0.45
3L4EWVFWCZFLPLXQZ7MWBK7MU2X9OK,60 Minutes,0.030000000000000,1,IF,31.44,34.15,19.60,4.31,5.25,3.77,4.64,5.46,0.10,4.05,0.08
3L8V324VIV0JU2BOPG7PUH68F6NF91,60 minutes,0.030000000000000,2331,IF,35.89,36.31,13.53,2.46,2.76,2.38,2.29,8.08,0.15,6.45,0.09
3L8V324VIVQEQ524CR2N49U2T8GF9N,11 minutes 40 S,0.020000000000000,1060,CC,44.82,45.53,13.85,5.00,4.12,5.93,4.42,7.33,0.23,5.67,0.17
3LBF4GRVWQC3B97WPKKEJO5WDODDDG,60 minutes,0.010000000000000,79,CC,33.38,36.25,13.65,4.42,3.70,3.42,3.29,5.75,0.14,6.11,0.12
3LBF4GRVWQSB1V8AOKNI47EZJYMDDE,10 minutes,0.050000000000000,139,IA,36.38,35.50,11.34,3.92,2.31,3.75,1.76,9.50,0.14,4.68,0.09
3LCM1J6T1CTW3PUN949YD9G6A99CYC,7minutes,0.010000000000000,4238,CC,19.50,19.64,10.99,0.93,1.33,1.00,1.92,8.50,0.10,6.75,0.16
3LE9INWSFWFC7U06C7E8H83VJHH0ML,2 minutes,0.080000000000000,1,SV,24.00,26.91,16.87,2.09,2.26,1.36,1.57,14.91,0.08,5.39,0.05
3LJE53CC7VYWE1O3MIQ180XM33HESQ,60 minutes,0.020000000000000,3253,IA,34.89,39.54,24.03,4.85,5.21,3.54,4.43,7.54,1.17,6.21,3.31
3LLXQSS3GH7EI0TIBFCZBVHJUIM2FF,20 minutes,0.070000000000000,11,IA,43.00,46.17,26.95,7.58,5.96,6.75,5.91,4.75,0.23,4.00,0.18
3LLXQSS3GH7EI0TIBFCZBVHJURL2FW,20 minutes,0.090000000000000,46,IA,49.36,51.27,21.61,8.67,5.77,8.40,6.09,5.47,0.19,5.74,0.13
3LV0310AAZ0POAIRABRDV0CJ4TWKD9,15 minutes,0.050000000000000,1,IF,29.88,29.92,8.39,2.58,2.75,3.42,3.40,6.92,0.09,5.52,0.05
3LV0310AAZ7UO39UCWLZNYY1B3BDKS,60 minutes,0.400000000000000,4,SV,14.44,15.77,10.54,0.85,1.72,0.62,1.71,11.54,0.24,5.32,0.20
3LV0310AB0FIJI1LDLADGNAZ3BMKDF,15minutes,0.030000000000000,1200,IA,28.13,29.17,12.97,3.42,3.09,2.33,1.92,8.33,0.09,4.29,0.04
3LV0310AB0LE2KPSDVZ5QZ931M3DKU,60 minutes,0.030000000000000,360,VV,27.13,29.50,19.31,4.00,3.95,3.67,3.98,9.58,0.09,4.38,0.06
3M35MA94IX9MX6PXAQCG5JTOJ1HNO3,60 minutes,0.030000000000000,10,IA,46.11,47.54,14.42,8.46,5.99,5.92,4.99,7.23,2.68,5.72,7.00
3M6KHLIXGO95W4HFFOS373KMUDHIRT,60 minutes,0.500000000000000,2,SV,57.00,58.69,25.61,7.69,4.53,7.69,4.52,3.15,0.84,3.34,0.66
3ME56J5KH09H8MTADW07EI1HZMYC6P,5 minutes,0.010000000000000,5,CC,59.90,61.64,20.38,7.71,5.57,8.71,5.85,4.64,0.45,4.22,0.26
3ME56J5KH0A6OHM7NB7LNJZ2KW86CO,2 minutes,0.050000000000000,9515,CC,39.88,40.50,20.81,6.67,6.17,6.58,5.92,7.83,0.28,6.77,0.54
3MGKBFT74NRL5KAEINTLHYIV1ONSJ5,30 minutes,0.030000000000000,133,CC,34.09,33.73,13.06,3.53,3.23,3.53,3.38,9.40,0.12,5.60,0.05
3MHMBB6SGFYXPF5WOO57T0Y1YOLKW9,60 minutes,0.020000000000000,108,IF,24.00,23.00,6.28,1.00,1.00,1.80,1.48,4.60,0.25,7.67,0.17
3MK14RC5NS9WDGLCZVLGWCZQJ24T6G,45 minutes,0.010000000000000,355,CC,24.00,24.79,11.70,1.36,2.13,1.57,2.50,5.64,0.09,7.03,0.11
3MK14RC5NS9WDGLCZVLGWCZQJ2BT6N,45 minutes,0.020000000000000,17912,CC,35.64,36.53,18.51,3.73,5.60,3.80,4.26,6.13,0.16,6.31,0.15
3MKP0VNPL180YVBEBVOO0GDECBIJRU,3minutes,0.200000000000000,10,CC,58.71,59.82,20.66,8.45,5.07,8.45,3.70,6.18,0.56,5.51,0.72
3MNPSGWWOQV9GBTQIUTZ7HIZXBCPUY,24 hours,0.150000000000000,36,IF,60.22,61.15,25.03,6.62,6.19,7.54,5.22,7.85,0.34,6.38,0.28
3MNYFQMXON9G1T2C2HOQSK4JSIPY01,7 days,0.060000000000000,3,IA,31.78,30.08,10.05,3.31,3.25,3.31,2.98,9.69,0.09,6.30,0.07
3MQJWSYXNGSYPF0J90X7JRB4GS9O5U,8 hours 11 minutes,29.500000000000000,1,CC,104.75,104.17,22.85,14.00,3.77,14.42,4.48,5.50,30.31,5.40,19.71
3MQJWSYXOHGDXJ3GAF96UH2KF625OC,2 hours,0.800000000000000,1703,CC,68.75,69.00,19.36,11.00,3.46,9.92,3.48,10.33,1.19,6.18,0.96
3MXFP9RGE565H89AY0KXMF94YTQB2U,60 minutes,2.000000000000000,1,CC,59.50,61.00,27.42,6.17,4.67,7.17,2.86,5.33,0.63,4.89,0.32
3MXFP9RGE565SQ20JA2GC60T4U4B22,60 minutes,0.020000000000000,15,CC,43.71,46.36,19.94,7.82,5.25,4.91,3.65,0.91,0.36,1.14,0.26
3N9FD9XF48K5Z4R4YKZ4XC3B2YYEVL,10 minutes,0.070000000000000,616,IF,40.88,41.33,15.50,5.67,5.14,5.92,4.62,4.33,0.39,5.14,0.36
3NAD71TD8V1W7T0ET8V40F6WWDIL2U,60 minutes,0.060000000000000,2503,CC,44.30,43.57,17.10,8.64,4.43,7.57,4.67,8.00,0.27,5.91,0.23
3NCF7G1XJIORLK6VK0UD85LOJVCNAC,15minutes,0.020000000000000,26,CC,59.71,59.36,15.25,11.18,4.75,8.73,5.42,8.91,0.30,5.03,0.19
3NE6EBGK47BU93BYGGU8IB2LO7NE35,2 hours,2.000000000000000,1,SV,60.14,60.82,20.57,8.27,3.98,7.36,3.93,14.18,1.66,5.53,0.86
3NJ4SYXGOJ3OVMOHUVEMN5U7Y2PBNN,5 minutes,0.040000000000000,89,UM,44.00,46.50,21.71,4.90,3.28,6.50,4.77,7.10,0.23,5.65,0.15
3NJ4SYXGOJ3OVMOHUVEMN5U7YYPBNF,30 minutes,0.040000000000000,445,VV,41.33,41.54,18.86,6.92,4.79,6.15,4.41,7.15,0.13,5.40,0.10
3NJ4SYXGOJNVJBRMT3TGCL1CL9UBNQ,5 hours,0.300000000000000,1,CA,39.78,41.15,16.34,5.23,4.02,3.54,3.86,8.85,0.53,5.71,0.33
3NVVDJT9G6OIY2RUWWJCMM9P5JCPXO,60 minutes,0.000000000000000,1,SV,12.00,12.58,8.25,0.25,0.62,0.17,0.58,7.00,0.05,7.07,0.05
3NXBKB5598TPF5MRSRS8QPZELKSL9C,5 days,0.150000000000000,14,IA,48.13,49.58,11.09,7.33,4.21,5.17,3.01,7.58,0.34,5.48,0.29
3O5YJYPUSW7TWBM6KNWM44WLFH8KON,1 W 3 days,0.300000000000000,1,CC,71.60,64.00,25.87,6.29,4.75,6.86,3.98,3.71,0.70,4.35,0.55
3O73QR1UY8O4VXGQ4UMU1W2GKFC94M,60minutes,0.050000000000000,14,VV,25.71,27.45,20.39,3.00,4.45,2.27,2.28,5.18,0.11,6.15,0.07
3O73QR1UY8O4VXGQ4UMU1W2GKGC94O,60 minutes,0.050000000000000,2,VV,40.09,42.60,24.88,3.60,4.91,2.67,3.27,4.07,0.34,5.81,0.42
3OBCKNXF1ZHFXL8XUNXW3AYWZX5J3K,60minutes,0.070000000000000,3887,CC,53.25,53.83,20.43,6.17,5.67,8.00,4.35,8.58,0.18,6.04,0.12
3OJGK8O6MRNHZCTYHMEFS503K2OL5K,3 hours,0.600000000000000,354,CC,66.57,68.82,18.10,11.18,3.40,9.18,3.40,9.91,0.89,6.39,0.75
3OQEO5BIN29PS6BYUHRH0ABF87P9UL,2 hours,0.900000000000000,1,CC,68.80,67.71,20.15,9.93,7.00,9.00,6.08,6.64,2.66,5.39,2.68
3OR6S1RAC52TCC0V5OHKA3WQNHZAGY,60minutes,0.050000000000000,1085,IF,54.00,51.93,18.31,7.86,4.74,8.07,4.55,3.29,0.37,3.60,0.35
3P15LLOAR9NU663LLUNNP8EDOYG9ZV,60minutes,0.100000000000000,53,CA,29.20,30.50,12.58,5.29,4.45,4.43,3.48,8.07,0.16,4.58,0.13
3P6UG6V268Y9VTMB4YR44MFGIGC4NX,10 minutes,0.350000000000000,50,IA,30.00,30.46,13.28,3.46,3.69,2.92,2.53,13.69,0.15,5.82,0.09
3PBMWYW3D44FHQ3H0CBK078FM1J2XZ,60 minutes,0.060000000000000,3,VV,39.38,39.67,15.50,4.67,5.14,4.50,4.42,4.67,0.14,4.83,0.07
3PBMWYW3D4VOVNNOVMGLZF23LEGX22,30 minutes,0.040000000000000,5,VV,38.57,35.91,14.57,4.27,4.45,3.82,4.14,4.00,0.17,4.15,0.12
3PBTVBPQ8T2RUQ4LSR4U2IGAMAGLG7,10 minutes,0.000000000000000,677,IA,24.33,25.77,16.52,3.54,3.18,3.38,2.96,10.23,0.09,5.64,0.09
3PBTVBPQ9UHWF8TU0BNM18QB456LGV,15 minutes,0.020000000000000,35,IA,41.22,45.31,18.93,7.46,5.03,5.69,3.99,6.69,0.22,4.23,0.25
3PHLPV04IQDPW55WV8WBZJA231AP7O,60 minutes,0.100000000000000,27,CC,54.22,56.08,15.39,9.15,4.78,6.77,4.44,10.54,0.42,5.64,0.29
3PLXPMD6WGC7AIQBYMRH2GBAFTWKBJ,15 minutes,0.150000000000000,2595,IA,44.90,43.79,11.26,5.50,4.52,4.14,3.25,12.79,0.36,4.12,0.23
3PN7FLVWM45PCCC3MA18W1ODE9IYSJ,20 minutes,0.030000000000000,973,IA,51.29,55.91,27.50,10.36,5.55,9.45,6.27,4.36,0.59,5.01,0.76
3PN7FLVWM45XULC6NHQRXFJ9Z5WSYC,3 hours,0.500000000000000,1,CC,75.89,73.69,26.52,9.38,6.49,10.23,5.64,5.92,1.65,6.45,1.45
3Q4WZ5V3MNIH1FT2QKH2OURKHS1UGI,30 minutes,0.050000000000000,11486,IF,50.00,49.69,19.78,6.54,4.43,7.85,4.98,5.92,0.82,5.14,1.69
3QKP95RWR0AXY9I3VQ7SL2A7LGY5XG,7 days,0.050000000000000,2,CA,38.00,36.92,18.44,3.00,3.59,4.17,4.65,10.25,0.17,4.09,0.15
3QLL1RLFYUJL8BWXI76KVR6VTA8G40,20 minutes,0.050000000000000,1,IA,54.44,56.54,19.45,9.31,5.66,9.85,4.72,6.77,0.42,5.28,0.26
3QNALI7B4S6VALH9K67QLF1VCK3Z5B,60 minutes,1.500000000000000,219,IF,57.44,61.38,26.67,6.69,5.72,8.08,5.79,6.62,1.63,8.09,0.92
3QNALI7B4SD1ONKL4C5DCUTXSZAZ55,1 hours,0.010000000000000,59740,IA,34.11,36.00,15.88,5.15,5.64,4.92,5.56,8.08,0.20,7.03,0.33
3QPQKLUN2S87R374XHKKL49YI4M6SW,30 minutes,0.100000000000000,592,IA,24.78,25.08,10.19,1.69,1.75,1.00,0.91,11.31,0.15,5.63,0.15
3QXBZN23LG7N3HYFNCCOI0H4ZPJXNQ,5 minutes,0.050000000000000,1,SV,37.13,41.25,22.06,5.00,4.45,3.58,3.60,9.33,0.11,4.50,0.08
3R0WG3C6FAYXA2OVFH1MKSVV7DKWL8,10 minutes,0.050000000000000,342,SV,41.13,39.30,18.09,4.40,4.88,3.10,2.96,8.10,0.32,6.62,0.35
3R35RPFD7J1GHLW8Y5PUB7E29XSP1C,10 minutes,0.020000000000000,84,CC,31.75,32.42,10.76,3.58,3.92,3.08,3.20,4.50,0.14,6.11,0.15
3R35RPFD8KSAWMKG8PKUBRZ71RYP19,60 minutes,0.030000000000000,6009,IA,39.13,39.00,8.32,5.75,4.41,5.00,2.70,11.58,0.21,6.54,0.33
3R35RPFD8KW5RVQQX9OYA2WSE711PN,30 minutes,0.150000000000000,77,IF,61.56,64.00,22.00,11.15,5.24,8.08,4.75,5.62,0.74,5.01,0.98
3R39EOJX7B7B0RBVIOI0YF8QUNBFFR,10minutes,0.030000000000000,7224,IF,30.56,30.23,13.41,3.77,3.35,3.85,2.94,7.54,0.11,5.55,0.15
3R39EOJX7BI6S1MO8YC8O4DE709FF7,5minutes,0.050000000000000,3082,IA,25.67,24.77,12.36,2.00,2.31,2.00,1.87,11.15,0.09,5.13,0.04
3R7DCNC1NOV5HU26IA2C7R0658YUDF,30 minutes,0.350000000000000,1,SV,58.25,59.40,22.44,9.40,4.84,6.90,4.01,7.90,0.41,5.17,0.29
3R8NDUBSE5C5KWKOVCROU8T8BNKK4W,60 Minutes,0.010000000000000,1,SV,13.00,14.38,9.80,1.08,1.71,1.15,1.99,9.15,0.08,6.15,0.09
3R8NDUBSE5CIIDI6K37BBGYS2U64KU,5 minutes,0.040000000000000,1,CC,24.13,26.33,20.70,0.75,1.22,0.92,2.31,7.17,0.09,6.74,0.07
3R8NDUBSE5CRYRKXR6M9AB02Z7L4K5,30 minutes,0.150000000000000,878,CC,46.88,48.92,18.21,5.50,4.46,5.08,4.56,10.42,0.26,3.50,0.11
3R8NDUBSF67O3EBOSQ1IL6C0CLD4KT,5 minutes,0.030000000000000,589,IF,59.44,59.15,22.09,7.46,4.70,8.08,5.07,3.85,0.09,3.29,0.07
3RPY1MM09GJ0DPT9E5P5CCJTRTWMHE,15minutes,0.050000000000000,1,CC,54.78,56.92,21.83,8.31,5.15,7.38,4.50,9.23,0.18,5.09,0.15
3RRYB8LG3ZH82HFOZGL7ANT68BKKUX,5 minutes,0.100000000000000,1,CC,33.89,34.69,13.32,4.54,4.07,4.54,3.41,6.69,0.12,6.09,0.05
3S1POB7GU8DKAHGA5W96UXZRMJ8QU4,7 days,0.100000000000000,20,CC,38.40,40.29,19.28,6.64,5.64,6.21,5.09,8.57,0.21,5.63,0.11
3S4LLGXSV3FZU47VRD0W7FI7RKKAOY,60 minutes,0.030000000000000,1391,IA,19.63,21.92,10.99,2.58,3.00,2.58,3.09,10.42,0.05,4.91,0.02
3S8DC08I2JZOJ6XAR5ADV2RBM80EJJ,3 minutes,0.040000000000000,1,CC,49.80,54.57,29.55,6.71,6.29,8.86,6.18,8.43,0.20,6.48,0.20
3SBA6YTBY276L0SZ55XU5R7VV8FOBP,3 minutes,0.200000000000000,64,IF,46.80,51.29,24.67,5.14,5.25,6.14,4.97,7.43,0.23,6.20,0.11
3SFRD5IA5Z34MMJO249XJPJMVUHFBF,60 minutes,0.100000000000000,1,IF,44.50,48.33,26.14,6.25,5.79,7.67,6.11,4.58,0.16,6.26,0.08
3SI493PTSWP5AHPBIVTI1I8D7X4ZDI,5 minutes,0.040000000000000,1618,CC,43.00,47.21,24.16,5.43,5.40,5.79,5.44,6.64,0.41,5.87,0.64
3SI493PTSWP6VJGGSL9VZHEJP2GDZ2,60 seconds,0.020000000000000,19,IF,34.50,35.50,18.05,2.83,3.27,2.08,1.98,6.67,0.12,5.21,0.10
3SIEQXXS6F7PLDK653FBMIWP0ADQ4C,60 Minutes,0.200000000000000,273,IF,40.40,42.79,18.21,2.86,3.51,4.29,3.54,11.07,0.21,4.55,0.12
3SJ1BZ9YMZFJKL9JAYIH6SXUEFF7N6,60 minutes,0.050000000000000,18,IA,18.40,19.29,13.31,1.79,3.47,1.43,3.20,11.07,0.04,6.99,0.01
3T1550FWLKIS93DC7DPTY5M29UHWXP,60minutes,0.100000000000000,1906,IF,44.10,44.86,17.85,4.21,4.59,3.57,3.72,6.64,0.20,5.56,0.16
3T6HLR4BXW5RX3QYFIC2AVGBFN389Y,60 minutes,0.050000000000000,1,SV,33.67,34.92,24.66,4.15,5.10,3.62,4.44,8.69,0.15,6.51,0.14
3T6HLR4BXW65EY3SGXC7I8IJLZ589G,2hours,0.030000000000000,136,CC,48.22,51.85,29.45,5.08,5.72,5.38,5.56,4.00,0.37,4.16,0.68
3T6HLR4BXW65EY3SGXC7I8ILF1889L,60minutes,0.050000000000000,215,CC,44.25,43.00,19.36,6.33,4.98,7.58,6.04,6.42,0.40,6.30,0.66
3TCGLRK8ZGNA4CQP60QJDQBQH1MZQ6,60 minutes,0.600000000000000,3,VV,48.14,54.91,27.28,9.73,3.52,8.91,5.47,7.18,0.80,5.36,0.73
3TFUINTXMP1P2TVK22ZNBIA74UYT95,60 minutes,0.050000000000000,294,CC,57.88,56.83,20.41,9.17,5.47,10.25,4.96,2.83,0.33,2.72,0.29
3TFUINTXNQRB8MQUNU8RNTUAF5A9TC,10 minutes,0.070000000000000,753,SV,14.60,16.71,13.99,1.00,1.30,1.00,1.52,11.36,0.10,5.92,0.09
3TJJ8HSJVIOUEEITVOXS8LA6BWX82U,60minutes,0.050000000000000,21,CC,39.75,45.67,26.69,5.75,5.77,3.50,3.50,4.58,0.29,5.26,0.31
3TJJ8HSJWJ7V3WKXYD3KKOVHU4N28W,60 minutes,0.020000000000000,20,IA,39.09,41.73,14.78,4.67,3.74,3.60,3.22,10.33,0.12,5.83,0.16
3TO8OQV8RRE8TSS50K77OY4BTUOOLO,60 minutes,0.100000000000000,40,SV,35.67,35.62,17.63,4.31,3.33,3.00,3.34,8.85,0.31,3.93,0.20
3TR9CMHN3N8E2YCNTAQUMF33CUSBB8,5 minutes,0.000000000000000,1,CA,54.00,55.55,29.14,9.00,6.90,8.36,6.20,5.73,1.45,7.02,1.40
3TYSWKZBELVFE846EGCGPUMG5XR7G5,7 days,0.030000000000000,3880,IA,30.50,31.36,19.08,4.36,3.91,3.93,3.81,12.07,0.07,6.64,0.07
3TYSWKZBFMLN72JJOTFJJEIWD9HG7U,60 minutes,0.070000000000000,244,CC,64.11,64.69,26.95,8.23,4.48,7.23,4.66,7.77,0.38,4.97,0.23
3U2H1DGWOPTCKLUQYVRKVZHY3Q4F4G,2 days,0.040000000000000,335,CC,44.00,45.20,21.46,8.60,6.95,6.60,4.70,7.33,0.25,6.44,0.29
3U47UEJKWC6S8AEVXI8SUW72VHPLB6,2 hours,2.800000000000000,1,VV,83.43,82.56,22.46,14.00,3.28,13.89,2.93,6.67,2.73,5.20,1.12
3U47UEJKWC7M32113CRLFBCBUKFBLV,60 minutes,0.050000000000000,22,IF,30.22,31.54,15.19,3.15,2.88,2.85,3.16,6.38,0.11,5.68,0.07
3U47UEJKWC8E1D3WG0VTNM1UKCYBLF,3 minutes,0.010000000000000,139,IA,23.43,27.00,16.95,3.36,4.43,1.18,1.33,11.18,0.06,6.54,0.03
3U47UEJKXD5R38RUXLMDWG1BUJXLBR,60 minutes,0.000000000000000,12,UM,34.89,37.23,15.78,5.92,4.61,5.77,4.09,8.77,0.09,5.37,0.07
3U6BJ3K2B9GQGJVT0E99IGFE7I2MEG,40 minutes,0.050000000000000,112,IA,48.50,49.86,17.39,6.00,5.17,4.71,4.55,9.36,0.28,6.52,0.29
3UEL82N5TOKN43E6MBDHCIJ23C3NTV,60 minutes,0.150000000000000,3188,IF,38.00,39.55,17.40,7.00,3.85,6.18,4.35,10.64,0.14,6.36,0.05
3UKAYM2G38LNW9YPLTZSPTC333T903,60minutes,0.050000000000000,18,CC,43.44,44.38,16.67,4.31,4.68,4.85,5.51,3.31,0.30,4.61,0.35
3USMLONC9E5MDB1GD7ZQ6SDG14K85P,2hours,0.080000000000000,1173,CC,59.00,58.00,25.43,6.25,6.66,7.92,6.10,2.83,0.44,4.09,0.49
3USZNBD0ID5Y2E7UC1NHCD5VH1M51A,60 minutes,0.010000000000000,40,IF,36.00,37.00,16.71,5.00,4.45,4.23,3.68,4.08,0.11,5.25,0.08
3UV3KC5DTGMOGZ30EI3U2F567A15CS,5 minutes,0.060000000000000,26,IF,50.73,50.53,23.36,9.33,6.31,8.07,6.04,4.47,0.21,4.55,0.14
3UXCLCQO1UDWROO910PGOYLD3QJ20A,60 minutes,0.000000000000000,2,IA,23.67,25.15,14.03,2.31,2.39,3.31,3.66,11.46,0.08,5.14,0.10
3UXCLCQO2V425H8F0OVWTKIEO3N20G,60 minutes,0.300000000000000,1377,CC,59.88,60.17,18.82,7.92,5.33,7.83,4.63,5.58,0.54,5.53,0.46
3VHU2SWT3EI2EPQKMFU0IXHUUZKSPE,24 hours,0.500000000000000,18,IF,45.13,48.33,20.65,6.58,5.23,7.67,4.74,6.75,0.34,5.17,0.33
3VNGVF6XGJQ1QLT33BZ7QKAQGJTGC8,2 hours,0.070000000000000,2676,IF,42.13,41.70,10.93,6.00,4.59,6.20,5.53,7.00,0.20,5.77,0.17
3VNVHCMRM39PCV9YY08XQFC2ASTW7K,20 minutes,0.500000000000000,1,CC,45.20,52.29,32.08,5.93,4.16,5.43,3.44,9.57,0.39,5.40,0.16
3VPHDNYYW05RMXRPFB37FMZTE8FOX6,60 minutes,0.100000000000000,1,SV,2.25,2.33,1.03,0.00,0.00,0.17,0.41,8.33,0.05,7.76,0.01
3VS2P0ED9S8WCYR5XKUI3WE62NIZOD,30 minutes,0.000000000000000,200,IA,40.00,43.54,18.77,7.23,5.10,6.69,4.17,7.08,0.36,5.89,0.48
3VS2P0ED9S9HPWVU5TDRGGPE3WLOZL,60 minutes,0.200000000000000,1,SV,32.29,34.09,19.14,4.18,4.31,3.18,3.46,12.36,0.24,4.99,0.13
3VTCTNDIMBI4MSZRCFZ5EXG7KAVTGQ,3 minutes,0.020000000000000,110,IF,39.33,39.62,17.92,6.77,4.55,7.00,5.45,4.77,0.32,4.00,0.32
3VXAY8PX9568FZGV4FQLLH1QFO0UBC,3 Minutes,0.070000000000000,1,CC,36.78,38.08,19.18,4.69,3.66,4.92,4.07,9.62,0.26,5.69,0.29
3VXAY8PXA67ITFS0HYENNTH6AGPBUQ,3 hours,0.250000000000000,1,IF,63.60,64.43,26.79,8.50,5.46,9.36,5.02,5.93,0.65,4.98,0.45
3W718UE9EUVUJGAIW7WCSAJ232S8KV,40 minutes,0.030000000000000,1,SV,10.89,14.00,15.20,0.92,1.44,0.69,0.85,8.54,0.07,5.92,0.08
3W7EAH4XLRRHWHV8PSJNN5I48Z5K1Z,7minutes,0.040000000000000,1104,CC,20.56,21.54,10.02,1.15,1.99,2.54,3.48,10.62,0.07,6.25,0.06
3WAI7IWAXVDPIQMZBUA6WKWKGBTKCH,10 minutes,0.060000000000000,2558,CC,60.67,60.23,27.02,9.46,6.12,8.46,6.16,7.08,0.49,5.57,0.33
3WNTBWVI6HTKT402X941XY1LBXF1DP,30 minutes,0.040000000000000,78,CC,45.38,50.33,23.73,7.67,5.76,8.75,5.26,6.42,0.11,5.05,0.09
3WNTBWVI7IICS3U5SPMYXHW39RR1DW,60 minutes,0.100000000000000,1,CC,41.64,39.33,16.14,3.87,3.38,4.80,3.61,11.33,0.10,5.81,0.07
3X3BKUX7FNI4TQBH6Z6BCBN743AUUW,20 minutes,0.050000000000000,1,UM,7.43,8.91,8.57,0.45,0.93,0.82,1.83,13.45,0.07,7.80,0.06
3XCMB0010Q8CROANL93DZ0TZ7HDP3B,10 minutes,0.030000000000000,6,CC,33.00,33.64,10.96,3.93,4.41,2.93,2.92,6.86,0.14,6.78,0.14
3XFOW6US4G39LHGXH58DQK2U59EF7W,10 minutes,0.060000000000000,4,CC,39.55,42.53,18.55,6.00,4.34,6.27,5.05,6.60,0.18,5.08,0.14
3XH5NKQXD1CEK1G2OFNXP2YO5CGQ1D,10 minutes,0.050000000000000,6,IA,41.75,41.58,14.61,5.33,3.73,4.33,3.20,7.58,0.45,7.69,0.69
3XKJYHBF1PGIGZAV82J26HU67K1S94,45 minutes,0.130000000000000,13523,CC,48.50,52.29,19.38,6.29,4.38,7.21,5.04,5.14,0.22,5.04,0.18
3XKJYHBF2QXEJ36G795O9QJC5X59SV,11 hours 47 minutes,0.020000000000000,1,VV,14.33,16.00,10.68,0.25,0.46,0.13,0.35,9.13,0.04,4.09,0.01
3XLULPCEJ5A20HTSPHJ11BGOHJ2K00,24 hours,0.100000000000000,63,IF,35.44,35.46,15.68,5.85,4.76,6.00,4.18,4.92,0.18,3.66,0.11
3XLULPCEK6XSKDKZU2VPQEQSWADK07,15minutes,0.050000000000000,3923,IA,32.10,32.43,11.94,4.86,3.23,4.29,3.27,8.86,0.13,6.60,0.20
3XOONX5XJ4G5CUJT3GITEEBP8TAR9P,45 minutes,0.020000000000000,7,IA,21.00,23.07,16.47,2.80,2.98,2.47,2.56,9.53,0.12,6.22,0.16
3XQ5ITPVUWC5A41L5RJWP1DP30VQTX,7 days,0.030000000000000,50,CC,38.60,37.43,10.95,5.79,4.98,5.29,4.55,7.50,0.13,6.21,0.07
3XQ5ITPVUWCZXHDQO612ZU9R46PQTU,60 minutes,0.040000000000000,2161,IA,39.00,53.20,35.51,6.40,9.21,6.60,7.92,7.20,0.23,6.18,0.04
3XQ5ITPVVXEK5RIJJ0S4JMU41HATQO,60minutes,0.050000000000000,24476,IF,37.78,37.46,14.42,4.54,4.07,5.23,4.13,5.92,0.25,6.21,0.35
3XXLL7ZNZBX2S1C8S0AVX01M47X2SM,60 minutes,0.100000000000000,131,IF,57.11,58.92,19.65,10.23,4.69,8.23,5.15,5.31,1.58,5.84,3.42
3Y6OYEUGD7DBA3Z0UX7LVDP3LCIS5W,5 minutes,0.100000000000000,1,SV,21.30,22.21,11.74,1.50,2.35,1.57,2.71,12.79,0.12,5.56,0.05
3YATNUOYWN28VJEWP8MVZLA65TU5R8,60 minutes,0.010000000000000,16,IF,42.67,44.92,20.11,6.69,4.59,5.54,3.84,7.38,0.23,5.16,0.30
3YE2HAAZLWT35EOEU3RFNMQ5RC4ZU3,7 minutes,0.150000000000000,5,IA,30.88,31.83,13.48,4.67,4.98,3.83,4.09,8.00,0.18,3.93,0.18
3YJAOW5N8OU26Z949MJ65YS6Q7GNS0,60 minutes,0.200000000000000,1,SV,34.29,34.09,11.50,3.09,3.86,1.64,1.69,9.36,0.41,4.67,0.32
3YJAOW5N9PI929Z2OH5BG1NQ7AGNSB,7 days,0.300000000000000,2,CC,67.40,67.43,18.78,7.14,6.18,7.86,5.52,6.43,1.36,5.68,2.04
3YKHA5XMY4LNHWQDYI2RHLTBGR3A75,3 hours,0.050000000000000,1,CA,26.38,30.50,26.41,3.17,4.45,1.58,2.91,4.17,15.66,4.95,37.23
3YNFDCZ5R4IX1UZP9S56QRIUL8YNRO,10 daysays,0.300000000000000,2,CC,54.67,55.40,11.39,6.20,5.31,7.00,5.57,8.80,0.65,5.22,0.41
3YR6VNT52416IC86SLGIIDTF4TWB78,10 minutes,0.050000000000000,29,CC,44.57,46.36,19.73,7.27,4.94,7.09,5.32,5.82,0.40,5.95,0.71
3YR6VNT5352GKULNOMVIY5386U67BS,5 hours,1.000000000000000,1,CA,56.13,55.17,31.53,9.42,7.60,7.50,5.58,7.00,1.91,6.18,1.53
3YS67JKWKBRVDSIQ9F8UVFJ1JQRX40,10 minutes,0.100000000000000,82,IF,57.78,56.38,18.74,7.00,4.86,8.92,4.59,7.08,0.24,5.66,0.18
3YS67JKWKBTMNDQ3LRFOMM61VUK4X5,60 Minutes,0.100000000000000,71,IF,59.13,60.50,30.70,8.30,6.55,8.40,5.82,3.50,0.39,5.54,0.31
3YVLYSYEBF5NUSY0E746VZKOKNG0QY,5 minutes,0.030000000000000,192,VV,27.33,30.85,20.01,3.23,3.27,4.08,4.91,4.54,0.07,4.59,0.05
3Z1VWDJDMCSL9FEEWY1JWQIRHY8F8V,60 minutes,0.030000000000000,1,SV,41.90,43.29,14.88,5.57,4.52,4.79,4.44,8.64,0.35,5.72,0.29
3Z1VWDJDMCXXDMC10K62ECWQF20F8X,5 minutes,0.050000000000000,4805,IA,28.82,29.40,15.26,3.13,3.25,3.27,3.20,12.80,0.07,5.39,0.05
3Z1VWDJDNDED63DNWYEYK1BZJ9X8FQ,10 minutes,0.010000000000000,70584,IA,25.44,28.54,18.01,3.23,3.88,2.38,1.76,6.77,0.10,5.12,0.11
3ZAK6NWIZ37QLEUJSP86OBIVCQQ9VS,10 minutes,0.050000000000000,499,SV,7.83,10.88,12.51,0.88,2.10,0.38,0.74,10.75,0.05,9.21,0.04
3ZFB7PFNY1ZJD1XM4GHBRRAA6FG931,60minutes,0.050000000000000,51,CC,41.36,44.13,24.69,4.87,4.69,3.40,3.16,3.67,0.24,4.32,0.23
3ZFB7PFNY1ZJD1XM4GHBRRAA6GF932,60minutes,0.050000000000000,4,VV,42.50,41.08,11.24,4.42,3.90,3.08,2.23,4.92,0.24,6.44,0.21
3ZNMTDKQXPRIYI9V3LJLED84I1Z2VB,60minutes,0.300000000000000,1,CC,56.00,60.45,19.95,8.91,5.84,6.73,4.03,7.91,1.38,5.19,1.84
3ZSDUF3VXOXZ44ZW3SE86JT3CR623Z,60 minutes,0.050000000000000,6,IF,51.22,53.00,21.26,6.23,5.23,9.00,6.06,5.31,0.22,6.92,0.18
3ZXEP6UEFFQUF1V5KFZ2RFEFLM08OQ,24 hours,0.090000000000000,2,IA,43.91,46.20,20.69,7.80,5.05,6.40,5.07,9.07,0.33,6.40,0.30