imageID,Input.timeAlloted,Input.reward,Input.hitsAvailable,OverallEffort_trimmedMean30,OverallEffort_HubersMEstimatora,OverallEffort_TukeysBiweightb,OverallEffort_HampelsMEstimatorc,OverallEffort_AndrewsWaved,OverallEffort_mean,OverallEffort_median,OverallEffort_sd,OverallEffort_mean_byExperts,OverallEffort_median_byExperts,OverallEffort_sd_byExperts,COMPLEX_mean,COMPLEX_median,COMPLEX_sd,Intresting_mean,Intresting_median,Intresting_sd,DIFFICULT_mean,DIFFICULT_median,DIFFICULT_sd,PAYMENT_mean,PAYMENT_median,PAYMENT_sd
306OACM7G04QOX49OC3VEMIMU7KA8L,44 minutes,0.3,2,61.54545455,61.71186292,61.70099563,61.68643122,61.70397924,61.73,61,17.39,65.63,71,18.12,9.07,9,4.98,8.2,7,6.04,7.87,8,4.32,0.72,0.6,0.51
31TTIPZ8XM69HILWQZWMCQMN1KS3GE,20 minutes,0.07,489,40.81818182,40.38505545,38.60982023,40.54372387,38.61889634,44.13,38,21.71,37.67,37,15.33,6.4,6,4.61,10,12,7.05,5.13,4,3.89,0.13,0.13,0.09
39Y8ZSVZWWM1XMK47AFGQNZOPQQVZE,60 minutes,0.04,10,45.63636364,44.59809758,43.1566176,44.68514623,43.15788214,48.53,40,24.2,39.4,40,16.59,9.33,10,5.97,6.13,4,6.7,9.53,10,6.06,0.48,0.13,0.93
39Y8ZSVZXXM4Z9DMIL8I9OJZBK9VZ6,60minutes,0.1,2277,47,46.89648461,45.38666642,45.99432014,45.38053547,48.4,47,18.58,42,42,11.08,7.27,8,4.38,5.8,2,5.67,6.07,6,3.81,0.15,0.14,0.11
3AA189Q6B51983MEFLORU493K7KMWE,60 minutes,0.04,1,47,46.22265296,45.90790133,46.31891343,45.78044178,46.87,46,24.69,56.7,48,20.11,6.47,6,5,6.8,6,4.52,6.53,5,5.82,0.2,0.13,0.22
3AA189Q6C6N6C9XRHK508ZBLMH8WM3,60 minutes,0.01,5280,27.3,27.65414732,27.30447059,27.09728376,27.31329233,27.57,28,15.46,30.2,28.5,15.98,4.43,3,4.27,11.07,11.5,6.91,4,2,4.51,0.06,0.05,0.05
3AJ89545NQRFJUS6JU65GFBBEJ7BEW,20 minutes,0.02,4228,34.1,34.10641317,34.37962655,33.16928831,34.37436837,35.71,36,20.91,41.57,38,26.22,5.21,4,4.92,4.14,4,2.91,5.79,5,4.64,0.11,0.05,0.09
3B9PUZPHFHW5PZT5Q7OV88NG9W6JA5,5 minutes,0.05,1,42.63636364,39.16155411,33.63447646,37.47661395,33.61854975,44.27,39,23.01,35.75,38.5,11.09,8.27,6,7.32,3.33,2,4.15,5.67,2,6.48,1.53,0.5,1.91
31ZZN31VRB1J1I6XNAS9X9DBA59QRV,60 minutes,0,1,14.9,14.27374275,13.22714529,14.16266126,13.23238169,15.86,13,6.18,17.09,14,6.33,0.57,0,0.94,8.36,9,6.21,0.21,0,0.43,0.08,0.1,0.06
3BGEFHL0JHEL8I3UU0A0G1OJRYOJBS,3hours,0.35,4,52.2,52.16988843,51.90958486,53.12942516,51.9363319,55.14,50.5,17.97,56.38,55.5,17.92,9.43,10.5,5.29,9.14,11.5,5.04,7.43,4.5,5.14,0.98,0.75,0.66
3BK5FW2G6MZ18ENS8D29GOXE9AHRCA,60 minutes,0.15,28,47.63636364,46.51465646,47.2945872,47.1007182,47.27968072,46.6,44,19.82,42.14,38,24.88,6.33,4,5.27,4.47,3,5.14,8.93,10,4.5,1.68,0.18,4.68
3BRG9Q58M1LAH7AQ01RWX47CRWFYQ2,60 minutes,0.25,1,44.27272727,42.03373163,38.95852323,42.58019696,38.84981558,45.47,38,21.17,34.6,37,3.91,6.87,5,5.83,10.47,10,6.32,4.4,2,3.91,0.34,0.25,0.19
3CP9VRCFS74RV9VXRUIMMBYWTQDUEZ,3 hours,0.25,9,38.36363636,37.06600225,36.13104277,35.39250172,36.10435803,41.47,37,20.65,43.43,37.5,19.93,5.53,3,5.26,11.67,13,4.72,5.53,4,5.17,0.19,0.2,0.11
3CTCX9NXB5M1LSUM0XPXZV8QE2WLJA,10 minutes,0,689,33.63636364,33.0377274,33.52889625,34.45549571,33.55333633,36.6,34,21.94,33,33.5,18.14,4.53,4,4.81,9.93,10,6.12,4.67,2,5.34,0.24,0.11,0.31
3CTCX9NXC67QIV0KKFDEFSMCFTJJLN,15 minutes,0.5,1,45.33333333,45.44107698,44.63067659,45.82168131,44.6488441,47.23,44,14.32,48.11,44,12.77,8.23,10,4.23,9.38,12,6.37,7,6,2.86,6.64,0.5,17.52
3D00S7P7YG22I1NWJE5APKC40DIEZA,45 minutes,0.5,10,67.36363636,67.61206277,67.3592897,67.43689335,67.36710266,67.67,69,20.17,62.45,68,15.77,8.67,8,5.91,8.6,10,5.55,6.33,5,4.67,0.61,0.45,0.64
3D3KZYB03KLUXQ4AWC4FKH86OYE8VD,30 minutes,0.02,2,18.3,16.74613338,14.22282577,15.95769719,14.08864327,21.93,15.5,18.49,23.67,18,19.52,3.43,1,5.24,8.5,10,5.16,2.64,1.5,3.46,0.07,0.05,0.09
3203J2GC2PK4HSXGZ2GG1073Z7V84O,2hours,0.06,81,56.1,55.86543671,55.52472352,55.5739377,55.53580725,56.71,50.5,21.6,46,41,19.58,6.36,4,6.77,2,1.5,2.48,5.64,4.5,4.91,0.51,0.15,0.64
3D8B00U52IVJZWECZOBXRVFXL2U83O,2hours,0.01,83,46.77777778,46.14516337,44.66234472,46.91427688,44.53495836,50.08,39,21.27,49.63,53.5,17.52,7.46,5,5.5,3.85,4,3.05,8.08,6,5.63,0.22,0.28,0.15
3D8B00U52IVJZWECZOBXRVFYHAV833,60 minutes,0.05,24,39.09090909,39.03421306,38.36421901,39.54764186,38.37609035,41.6,39,16.84,39.78,39,17.65,5.53,4,6.09,3.67,2,5.22,4.87,4,4.82,0.16,0.11,0.14
3DBJK6OC3AF4JLMP40JUKZIT4XNYF3,30minutes,0.2,12,52.54545455,53.16844861,54.95685628,53.61365023,54.98878995,51.27,55,21.47,56,56,19.06,7.73,8,5.05,8.67,10,6.8,7.13,7,4.76,0.25,0.2,0.14
3DECMKXKT815JCLN1RI1KKDJDFAMBB,15 minutes,0.01,1,46.72727273,45.52601072,45.01269824,45.76101878,45.23418742,47.47,44,21.41,49.86,37,30.73,7.8,6,6.34,9.6,7,6.01,6.47,6,5.46,0.19,0.2,0.15
3DPZKFEUURUGTQUQB4SOUUG5ZFPI4V,2minutes,0.07,2,67.5,67.33359741,67.86007107,67.24123949,67.85494666,65.64,66.5,19.97,65.4,65,13.87,12,14.5,6.21,3.07,1.5,4.03,10.79,12,5.75,0.27,0.25,0.17
3DXFGU9SKN7P79WJOTN6EK4MLG3EXS,15 minutes,0.05,3,38.625,36.93540898,36.50523454,37.76028685,36.49693307,37.8,36.5,11.54,38.33,35.5,8.57,5.2,4,5.51,6.6,7.5,5.5,5,4,4.27,0.2,0.1,0.17
3203J2GC2PK4HSXGZ2GG1074VAS84P,60minutes,0.05,273,44.2,43.61680871,43.12563718,43.07376596,43.15935272,47,42,19.98,38,38,12.37,4.93,4,4.03,4.71,2,5.47,5.57,4,4.33,0.46,0.15,0.64
3DXFGU9SLODY46WA7XIQCVBUTMKEXQ,2 hours,0.9,1,71.2,71.24550185,70.8949551,71.26579223,70.90811127,71.79,71.5,24.92,74.38,71.5,25.31,7.36,6,5.62,10,11.5,7.51,6.71,5.5,4.41,1.8,1.2,1.47
3EJ1F91ANSU6O8N3S3NGZ4GVCA2IZW,6 days,0.1,363,47.8,46.28731378,43.47582967,45.8781748,43.41957796,50.86,44,23.21,51.57,38,24.21,7.71,8,5.44,9.36,10,6.69,8.36,7.5,5.09,0.28,0.2,0.37
3ERG9KP7KAETHL286FNRQ00RYLWCHM,60 minutes,0,1,9.727272727,9.583082241,8.494805491,9.058200155,8.495223194,15.53,10,21.46,16.31,10,23.06,1.2,0,3.84,9.73,10,7.74,1.33,0,3.83,0.1,0.04,0.16
3EULM6QNGEDGI0DDZ62WA3R8YV4JXB,3 minutes,0.03,1,11,11.33953547,10.62648893,10.77391935,10.62557087,11.92,14,8.58,12.75,14,8.4,0.92,0,1.66,12.23,12,4.97,0.62,0,0.96,0.03,0.03,0.02
3F0Z1FPMUNUP6TOTMH2XGS6T5GJLYU,7 minutes,0.05,3871,22.27272727,22.27902848,22.50350186,22.45253877,22.51017597,23.07,23,9.1,21.91,22,9.2,0.8,1,0.86,8.8,8,6.5,1.2,1,1.08,0.07,0.06,0.03
3F0Z1FPMUNWB7D1EFV5M6IVBAHELYR,10 minutes,0.06,100,52.36363636,52.3895343,51.1453939,52.59940549,51.020772,55.2,53,22.3,57.8,58,25.94,5.33,4,4.27,10.87,11,4.7,7.4,7,4.32,0.32,0.18,0.32
3F2SNR5B8MKSI92Q9DG0FV11BKO0HL,2 hours,0.03,1,74.3,74.93400198,75.83123349,74.3535532,75.82305235,72.43,81.5,22.35,63.5,59.5,21.52,11.36,13,4.6,7.71,4,7.16,10,11,4.71,0.63,0.5,0.41
3FOA7RUSUPLLDDXZNITMB1EHL6FPGL,60 minutes,0.1,6971,29.54545455,29.41826203,30.22040012,29.60360088,30.36613462,28.6,29,14.02,28.6,29,14.02,2.07,2,2.37,13.13,15,5.54,2.07,2,2.12,2.09,0.1,4.17
3FQJF6D1R1SUSJ130G368H5I02G92S,60 minutes,0.05,5,39.6,39.57954712,39.53562533,39.69309593,39.5433524,40.57,39.5,22.62,32,30,27.88,3.71,2,4.65,3.21,2.5,3.19,4.14,2,5.17,0.45,0.15,0.65
3FQJF6D1S2STVEIP11IICRPWDI892M,20 minutes,0.03,1,34,31.60686642,27.89454467,31.23359052,27.6829967,37.33,30,22.04,39.3,36,18.54,5.73,5,4.45,9.2,10,6.28,5.27,5,4.37,0.09,0.06,0.08
320GLP60AN6FM9FGZXIOL5AG38941T,5 hours,0.05,18,48.8,45.99349399,42.99882407,44.29688027,43.07242277,51.07,45.5,23.49,66.67,69,26.1,9.71,8,6.39,8,9.5,6.1,8.57,9,6.2,1.44,0.18,3.24
3GBCJUK5C2GRHG97MHYVG9NBQMOPK9,60minutes,0.02,12225,19.3,19.37614336,19.52512461,19.35714286,19.52753507,19.36,24,13.53,20.33,25,13.61,1.36,1,2.44,9.43,9.5,7.07,1.21,1,1.37,0.05,0.04,0.03
3GRRK9BQWRDBESRD36S5634M392PD9,2 hours,2.02,1,90.27272727,90.76722237,90.28963127,90.33331627,90.30056446,90.93,96,21.65,96.2,96,26.27,13.13,12,4.63,6.53,3,6.37,13,14,4.64,2.01,2.25,1.1
3GRRK9BQWRPD54OGKFA4YQ8537VPDJ,60minutes,0.05,688,28.45454545,28.28780452,28.42526237,28.59498818,28.43178341,29.27,26,12.62,29.22,26,14.57,4.07,2,3.79,11,10,4.34,4,3,3.18,0.18,0.1,0.29
3GZMSD8U5X9MRGKQIZ546O8UKC795T,60minutes,0.05,17,48,46.92176802,44.69089024,46.12834213,44.70411918,50.87,47,22.14,50.83,44,31.11,6.8,6,4.63,3.47,1,4.82,6.27,5,5.98,0.25,0.25,0.12
323KIQYDLQ7S9UIT4NE6QLFONB14CB,60 Minutes,0.05,1496,47.55555556,48.09904962,46.46389939,46.30684083,46.45153265,49.31,50,19.63,55.22,51,19.28,6.62,6,4.27,6.69,7,4.5,7.23,7,4.6,0.16,0.1,0.15
3GZMSD8U6Y8M82W4VRHXFG1G1IS95R,60minutes,0.07,2,50,50.54013271,51.00361588,50.02774805,50.99655825,49.93,52,23.98,45.25,43.5,28.92,5.64,5,5.33,8.57,10,5.14,5,4,4.98,0.2,0.15,0.16
3H41Q6XMRNUCK2PCFPR6Y35LJFT2GW,5 minutes,0.01,51,19.18181818,19.17767456,17.8708617,18.83217772,17.87191771,20.87,19,11.7,21.18,16,12.87,1.93,1,2.49,9.33,9,6.84,2.8,2,3.95,0.07,0.05,0.05
3H5CSD5832HNKRNN8SDJ6TWED17E80,7 days,0.01,82,26.90909091,26.85791365,26.10010237,27.25319961,26.11284078,29.93,26,23.64,29.57,23,24.49,2.2,1,2.96,11.73,12,6.82,1.87,1,2.75,0.14,0.05,0.24
3H5CSD5832HNKRNN8SDJ6TWL583E8G,7 days,0.01,14,16.63636364,17.14903136,16.19044189,17.45181501,16.1500885,19.47,21,19.63,19.86,7,24.81,0.73,0,1.28,9.2,10,6.9,2.07,0,3.58,0.05,0.05,0.03
3HBZ8AD97D3GZ7VEBIN9M18U9EHNN5,60 minutes,0.1,149,39.36363636,36.40622347,33.55130748,35.74564057,33.5830818,41.6,37,22.62,47.33,37,23.77,4.8,3,5.19,10,10,3.46,4.47,2,4.78,0.27,0.2,0.23
3HQI26VRPRS5H4RSBPY2KOCMRQ13R0,60 minutes,0.02,6,37.45454545,39.60547865,41.52094926,40.53042261,41.53024288,35.6,40,12.57,37.18,41,11.5,3.6,3,3.36,3.67,4,4.12,3.07,2,3.63,0.11,0.09,0.06
3HVLA9UQN4GKVQOHDHMDH1A7KETU66,7 days,1,1,88.9,88.97797917,88.59337218,88.07644337,88.58662114,87.14,90.5,21.36,63.4,70,11.01,14.79,14.5,4.76,8.93,8.5,6.56,13.64,13.5,5.64,5.53,2.5,7.63
3HYDIS22CWMMEZBE3G64NG7ZMZON5V,3 minutes,0.2,13,53.45454545,53.76739479,52.85508011,54.02509329,52.8529176,55.6,57,24.28,47.86,39,22.68,7.33,5,6.23,6.6,8,5.21,9.53,9,6.53,2.32,0.3,6.22
3HYDIS22DXJRRCQBI3AE9ELUHK15NC,10 minutes,0.2,29,30.18181818,30.00012514,30.07979047,29.7084332,30.07209856,29,28,11.69,30.36,28,7.72,3.6,3,3,13.2,14,4.28,2.2,2,2.24,0.17,0.2,0.07
3I5ZXD44IULX7AZS354F5V5W46GJCA,7days,0.01,1,21.72727273,22.30409205,20.28881954,21.05224435,20.2768185,24.53,26,17.84,29.42,27,16.56,1.27,0,3.03,11.13,13,7.3,1.33,0,2.66,0.58,0.03,1.56
3I5ZXD44JV69M8DWVE4I5ER80XVCJX,3minutes,0.05,1,52,50.94951739,50.36648415,51,50.36312449,52.4,51,21.63,53.38,54.5,21.91,6.2,6,5.47,7.07,5,6.49,7.27,6,5.97,0.4,0.28,0.41
3I5ZXD44JVHG9J4AOHWFS96B5XBJCP,4 minutes,0.01,1,40,37.66581007,35.81555491,38.5072003,35.64909396,40.93,38,20.47,41.25,35.5,20.79,7.93,8,4.93,6.73,5,5.71,5.73,3,6.51,0.76,0.5,0.77
3ID43DSF5JBJ2SZGW2H8HR9RGRT5G5,60 minutes,0.01,34,20.36363636,20.20841565,17.56407519,18.2297614,17.56662136,25.07,20,22.01,27,21,22.92,2.67,2,4.15,9.4,10,6.09,2.47,2,2.29,0.3,0.07,0.62
3IE95L92ROOBGIB0W5PPNWUUL5E7M3,4 minutes,0.07,1,17.3,16.26226992,14.61095067,15.2539766,14.61254441,19.57,15.5,14.1,20,17,14.58,1.43,1,1.45,7.71,6.5,5.81,1.21,1,1.67,0.06,0.07,0.04
3IR329NZ7YGB0BGT612CO4BTUIW2K0,60 minutes,0.2,6,46.4,43.39036113,44.97273033,45.78177622,44.96450339,46,39,23.6,45,38,25.51,5.14,4,5.1,9.64,11,6.63,4.93,5,3.71,0.8,0.25,1.59
3IRUE3ZCDH3J5468JOOGJ1Y2ZWZIC5,10 minutes,0.1,9,46.1,45.88692398,45.65328533,46.77224975,45.66949182,48.57,45.5,23.58,46.82,38,25.86,5.36,4.5,5.2,6.21,5,5.73,5.5,3.5,5.19,0.16,0.15,0.09
3J06FGISLU272UJU8S9F5O38AK5K50,7 days,0.03,18,37.1,37.11351311,37.34625108,37.31700795,37.35810198,37.57,37.5,16.53,39.22,38,13.79,4.57,5,3.44,11.29,12.5,4.73,4.21,3,3.45,0.18,0.15,0.14
3J06FGISMVRO4EVZMT2NFJ1KME95KI,60 minutes,0.01,5498,24.63636364,24.51242918,24.61880606,24.74679059,24.61840106,24.6,26,9.38,23,25,8.66,1.53,1,2.39,13.33,15,6.77,1.33,1,1.59,0.1,0.05,0.15
3J567DP9LLBDQUW0322ZJ0FWFWZFPB,45 minutes,0.07,90,30.45454545,31.62790939,30.72387814,30.74382448,30.7229939,30.67,36,13,30.2,36.5,11.81,3,2,3.55,9.27,10,5.74,2.53,2,2.39,0.27,0.18,0.2
329GGY5YRI5WHTWS4FZ9QWPAMFRT4W,60 minutes,0.15,62,57.36363636,57.32741207,55.56504713,57.73558079,55.4510539,61,56,19.43,58.82,52,17.66,9.8,10,5.48,5.73,4,5.35,9.33,10,5.81,0.19,0.18,0.06
3J5HEGTZRLQ9SE8SW9LZS2A15OXGGI,5 minutes,0.06,5,30.3,30.92761754,30.08590107,31.79642425,30.06748542,34.36,29.5,21.23,38,33.5,22.85,5.5,3,5.85,11.79,13.5,5.78,3.5,2,3.44,0.12,0.1,0.06
3JGBBKK855Q5HY1J6RVO56S97I9J0I,6 days,0.1,361,50.45454545,50.12817066,47.66914053,49.85843141,47.57401729,54.2,52,22.86,53.8,53,24.48,8.47,8,4.79,8.4,10,4.53,7.33,5,4.73,0.33,0.18,0.32
3JGLGV9D6KL86TQHYYZCMI0V13JD5Y,7 minutes,0.05,200,20.09090909,19.45608956,17.26224063,17.67112207,17.26759627,26.2,21,24.22,22.9,15,23.29,2.67,0,4.75,7,8,5.96,2.47,0,4.7,0.07,0.06,0.04
3K0G5SYN9K0M6D335K10A1FE8RM8MU,45 minutes,0.4,20,66.36363636,66.57481074,66.75986877,66.62132639,66.7602159,66.47,71,24.12,65.78,71,25.58,9.47,10,5.74,7.93,8,4.79,9.53,9,4.98,0.71,0.5,0.52
3K0G5SYNALYS7SB8UL3I5RQZNM3M85,3hours,0.35,42,51.63636364,50.20153188,48.72955395,51.31465242,48.63416925,54.07,48,20.51,50.13,45.5,16.75,7.33,8,5.89,7.4,8,5.88,6.67,7,4.13,0.45,0.5,0.17
3K0T7FOBIJOUXM7ZLBPJYBSGQYWM14,30 minutes,0.5,1,35.36363636,35.38124949,33.81101064,35.18807436,33.81083427,38.4,33,21.83,36.17,32.5,11.09,4.53,4,4.44,5.4,4,4.72,4.67,3,4.67,0.22,0.15,0.19
3K27O5FVBZ6Y1U1OKHZVRLOYVIWW5C,30 minutes,0.2,26,41,40.98226115,39.56557128,39.99604338,39.56426123,44.6,38,22.37,36.9,38,10.44,5.93,5,5.01,10.93,13,6.62,4.53,4,3.98,0.33,0.23,0.22
3K3X4GGOSLN6JKEE0NBXYD5PSA6MC7,30minutes,0.05,902,67.7,68.76349808,68.83962275,67.82755731,68.85656808,69.14,71.5,24.75,89.67,85.5,15.37,9.71,11,5.82,4.86,3.5,4.54,9.93,10,5.24,0.45,0.25,0.38
3K3X4GGOSLN9WHITSDB41LMDI6SMCK,15 minutes,0.05,1022,67.9,67.74513387,68.08439032,66.89185416,68.07869069,64.79,69.5,19.5,63.89,73,24.42,10.21,11,4.25,8.57,8,5.96,11.14,12,4.22,2.38,0.15,6.61
3K9T2ON9ZE5ORLPELXZMHUO84LJMTT,10 minutes,0.1,1,39.18181818,38.16360916,36.49115059,38.02243913,36.42059969,39.93,39,21.48,35.38,39,19.19,4.6,4,4.61,12.33,12,4.29,3.87,3,4.26,1.21,0.23,3.09
3KNJI1FZ8L912486RAFQQV3ZEP6NQU,60 minutes,0.25,4667,47.09090909,46.27206995,46.24716498,47.09499563,46.25973004,48.07,44,17.29,50.64,44,18.18,6.6,4,5.45,10.6,11,5.68,6.73,6,5.04,0.41,0.25,0.47
3L4EWVFWCZFLPLXQZ7MWBK7MU2X9OK,60 Minutes,0.03,1,29.7,29.57355715,29.23972279,30.4130333,29.2541818,31.86,28.5,20.7,40.83,42.5,16.07,4,2,5.17,5.14,4,4.07,3.5,2,4.57,0.1,0.1,0.07
3L8V324VIV0JU2BOPG7PUH68F6NF91,60 minutes,0.03,2331,32.54545455,32.5986957,33.02172763,32.57252307,33.01466313,32.4,34,16.44,30.15,27,16.15,2.27,2,2.63,7.07,5,6.54,2.2,2,2.21,0.13,0.1,0.09
3L8V324VIVQEQ524CR2N49U2T8GF9N,11 minutes 40 S,0.02,1060,44.81818182,43.31594348,42.64642614,44.09852022,42.67650717,45.53,39,13.85,48.2,47.5,13.09,5,5,4.12,7.33,6,5.67,5.93,6,4.42,0.23,0.2,0.17
3LBF4GRVWQSB1V8AOKNI47EZJYMDDE,10 minutes,0.05,139,37.2,37.44798996,37.72957641,37.35878038,37.78177907,37.14,37,12.04,35.67,37,11.68,4.36,4,2.41,9.86,11,4.4,3.93,4,1.86,0.14,0.1,0.09
3LCM1J6T1CTW3PUN949YD9G6A99CYC,7minutes,0.01,4238,20.27272727,21.02041283,20.96198042,20.37981966,20.95889882,20.2,26,10.81,19.85,26,10.02,0.93,0,1.28,9.2,10,7.04,1,0,1.85,0.11,0.05,0.15
3LE9INWSFWFC7U06C7E8H83VJHH0ML,2 minutes,0.08,1,23.3,22.67055763,21.12459009,23.33840442,20.91922955,25.64,20,15.82,25.62,20,16.47,1.93,1.5,2.2,13.57,15,6.76,1.64,0.5,2.34,1.17,0.05,3.31
3LJE53CC7VYWE1O3MIQ180XM33HESQ,60 minutes,0.02,3253,37.9,36.7879355,34.79396088,36.27667992,34.8208532,41.36,38,24.07,41.1,38,26.52,5.07,3.5,5.08,7.07,6.5,6.22,4.07,2,4.7,1.17,0.05,3.31
3LLXQSS3GH7EI0TIBFCZBVHJURL2FW,20 minutes,0.09,46,49.36363636,48.46244506,48.96428601,49.7597818,48.98386191,51.27,45,21.61,48.75,41,25.9,8.67,8,5.77,5.47,3,5.74,8.4,6,6.09,0.19,0.15,0.13
3LV0310AAZ0POAIRABRDV0CJ4TWKD9,15 minutes,0.05,1,32.3,31.5776465,29.98342905,30.59789524,29.98323665,37.29,31.5,21.95,38.17,31.5,23.59,2.93,2,2.67,6.86,6,5.68,4,3,3.46,0.09,0.1,0.04
3LV0310AAZ5BVL06B1AU1YGZUNKDKM,45 minutes,0,1,50.4,50.37463642,50.50371652,50.78701028,50.50712067,51.36,50,24.72,51.36,50,24.72,5.36,4,4.38,7.43,6.5,5.75,4.71,5,3.99,1.08,1.2,0.62
3LV0310AAZ5BVL06B1AU1YGZUNKDKM_1,45 minutes,0,1,43.81818182,42.80396936,41.06604161,42.884328,41.07249686,46.4,38,22.4,47.36,41,22.92,3.27,2,2.96,8.67,10,6.52,2.47,2,3.5,0.99,0.58,1.44
3LV0310AAZ7UO39UCWLZNYY1B3BDKS,60 minutes,0.4,4,16.1,14.98747975,13.04805749,14.11504382,12.93631825,20.86,14,21.57,20.86,14,21.57,0.93,0,1.69,12.14,10,5.59,0.57,0,1.65,0.25,0.2,0.19
3LV0310AB0FIJI1LDLADGNAZ3BMKDF,15minutes,0.03,1200,28.72727273,28.72380718,28.84741463,29.26001903,28.86585831,30.67,27,14.74,32.18,27,15.8,3.53,3,3.07,8.53,10,4.88,2.2,2,1.74,0.1,0.1,0.06
3M35MA94IX9MX6PXAQCG5JTOJ1HNO3,60 minutes,0.03,10,47,46.28642609,45.91063635,47.50910022,45.90214291,49.13,44,18.38,50.88,41,20.77,8.47,10,6.23,7.87,7,5.6,6.33,4,5.43,2.23,0.16,6.25
3M6KHLIXGO95W4HFFOS373KMUDHIRT,60 minutes,0.5,2,59.36363636,58.92349461,58.83055354,59.44411046,58.80413986,60.2,59,24.7,55,55,16.04,7.47,10,4.5,3.53,2,3.58,7.73,10,4.45,0.84,0.63,0.66
3ME56J5KH09H8MTADW07EI1HZMYC6P,5 minutes,0.01,5,62.36363636,62.10855716,62.86866211,63.13142932,62.87816973,64.27,57,22.11,74,76.5,13.49,8,10,5.48,5.4,4,5.01,9.4,10,6.23,0.45,0.4,0.26
3MGKBFT74NRL5KAEINTLHYIV1ONSJ5,30 minutes,0.03,133,34.09090909,33.9930395,34.09597565,34.00499455,34.09486041,33.73,37,13.06,31.55,36,11.48,3.53,3,3.23,9.4,10,5.6,3.53,3,3.38,0.12,0.13,0.05
3MK14RC5NS9WDGLCZVLGWCZQJ24T6G,45 minutes,0.01,355,24,23.90484911,23.86009483,24.08912577,23.86810883,24.79,25.5,11.7,21.82,20,10.03,1.36,0,2.13,5.64,2,7.03,1.57,0.5,2.5,0.09,0.03,0.11
3MK14RC5NS9WDGLCZVLGWCZQJ2BT6N,45 minutes,0.02,17912,35.63636364,35.67379809,34.57382604,35.57364147,34.52498218,36.53,37,18.51,28.44,30,14.33,3.73,1,5.6,6.13,3,6.31,3.8,2,4.26,0.16,0.09,0.15
32JRJ3GOYGFHSVM6IWA88RJNYD8U1D,15 minutes,0.15,92,34.72727273,33.7566009,32.29883955,34.10981402,32.27934511,36.93,34,18.71,32,34,14.52,5,3,5.18,10.6,14,6.31,3.67,1,5.11,0.12,0.13,0.05
3MNYFQMXON9G1T2C2HOQSK4JSIPY01,7 days,0.06,3,31.3,31.68502217,32.61904911,31.34183146,32.71719619,29.86,33.5,9.69,30.89,31,6.72,3.14,2,3.18,10.36,11,6.55,3.14,2.5,2.93,0.11,0.07,0.1
3MQJWSYXNGSYPF0J90X7JRB4GS9O5U,8 hours 11 minutes,29.5,1,100.9,101.0119141,101.0542546,100.5015336,101.0403927,99.71,101.5,24.34,102.4,102,10.45,13.71,14,4.25,6,6.5,5.14,14.21,14.5,4.77,32.46,35,18.29
3MQJWSYXOHGDXJ3GAF96UH2KF625OC,2 hours,0.8,1703,70.36363636,71.32385285,69.69008777,70.61523642,69.65046233,71.8,73,20.61,82.75,74.5,17.56,10.93,11,4.32,9.8,11,5.97,11.27,10,4.7,1.08,0.8,0.97
3N9FD9XF48K5Z4R4YKZ4XC3B2YYEVL,10 minutes,0.07,616,42.55555556,42.17657581,40.23760754,40.65542411,40.17161225,46.85,39,24.81,38,38.5,15.07,6.77,7,6.33,4.31,3,4.92,7,8,5.9,0.35,0.2,0.35
3NAD71TD8V1W7T0ET8V40F6WWDIL2U,60 minutes,0.06,2503,44.3,44.24879372,45.18719756,44.54539562,45.21617418,43.57,43,17.1,44.29,38,16.95,8.64,8,4.43,8,10,5.91,7.57,8.5,4.67,0.27,0.2,0.23
3NCF7G1XJIORLK6VK0UD85LOJVCNAC,15minutes,0.02,26,60.55555556,60.47335096,58.99805591,60.46979419,58.83794478,63.08,59,20.52,69.57,72,24.72,11.38,12,4.59,9.23,10,5.46,9.31,10,5.34,0.44,0.33,0.46
32SOQFN7RN4Q5SNOXDF8KS0W4TRIPM,10 minutes,0.02,1403,32.5,30.86953998,29.52670388,29.79261357,29.52197404,36.14,29.5,23.9,41.11,30,25.63,4.21,2,4.49,7.79,9.5,5.07,4.5,2.5,4.78,0.12,0.07,0.15
3NCF7G1XKJPJCCJPOHEQSUA1GNWANP,30 Minutes,0.04,86,54.27272727,54.41196199,54.50265934,55.21880945,54.51448972,56.4,55,22.15,61.14,59,26.47,8.33,7,5.49,6.47,5,6.2,9.93,10,4.42,0.22,0.23,0.14
3NE6EBGK47BU93BYGGU8IB2LO7NE35,2 hours,2,1,62.4,62.48827804,62.897547,62.92888982,62.91003902,64,64.5,23.52,61.2,57.5,25.48,8.07,7.5,4.91,13.71,15,5.89,8.07,7.5,5.25,1.66,2,0.86
3NJ4SYXGOJNVJBRMT3TGCL1CL9UBNQ,5 hours,0.3,1,42.09090909,41.08477096,39.91350066,41.63613643,39.75680501,43.93,39,19.29,45.44,40,17.72,5.53,5,4.03,8.47,9,5.84,4,2,3.95,0.55,0.5,0.3
3NXBKB5598TPF5MRSRS8QPZELKSL9C,5 days,0.15,14,49.1,48.17432441,46.88075979,48.00872913,46.88874337,51.14,48.5,17.4,50.14,50,10.88,8.14,7,5.17,7.64,8,5.11,6.21,4.5,4.61,0.34,0.25,0.27
3O73QR1UY8O4VXGQ4UMU1W2GKGC94O,60 minutes,0.05,2,40.09090909,36.92382686,33.84501478,37.00276171,33.89647732,42.6,38,24.88,39.43,28,22.99,3.6,2,4.91,4.07,1,5.81,2.67,2,3.27,0.34,0.25,0.42
3OQEO5BIM1SME8SFQJ108NKG2ZKU9F,60 minutes,0.2,9,45.90909091,45.35480496,43.57504554,45.83538061,43.44536459,49.2,42,24.13,46.64,39,22.21,7,6,5.24,9.53,9,6.57,6.87,5,4.69,0.31,0.2,0.23
3OQEO5BIM1SME8SFQJ108NKG2ZKU9F_1,60 minutes,0.2,9,50.90909091,50.84921558,48.72771212,50.50129739,48.71905818,54.07,51,23.84,56.91,57,23.3,9,10,5.82,8.67,8,6.67,7.73,6,5.79,0.25,0.23,0.18
3OQEO5BIM1SME8SFQJ108NKG2ZKU9F_2,60 minutes,0.2,9,52.9,53.3834049,50.73140436,52.50926008,50.66011731,55.14,53,17.84,53.75,50,17.25,8.5,8,4.55,7.36,8,6.13,8.07,8,5.38,0.19,0.15,0.11
3OQEO5BIN29PS6BYUHRH0ABF87P9UL,2 hours,0.9,1,68.8,70.26889091,69.99168766,68.45599985,69.97882751,67.71,73,20.15,60.29,49,19.54,9.93,11,7,6.64,6,5.39,9,8.5,6.08,2.66,2.5,2.68
3OR6S1RAC52TCC0V5OHKA3WQNHZAGY,60minutes,0.05,1085,55.72727273,55.77600625,55.90571289,55.41432704,55.89223841,54.2,57,19.72,53.25,54.5,20.5,8.6,8,5.4,3.73,4,3.88,8.8,9,5.21,0.37,0.28,0.35
3P15LLOAR9NU663LLUNNP8EDOYG9ZV,60minutes,0.1,53,30.81818182,30.24617971,29.72995793,30.51220025,29.73541633,31.6,28,12.85,29.5,27.5,11.96,5.2,4,4.3,8.27,10,4.48,4.47,4,3.36,0.16,0.11,0.13
3P6UG6V268Y9VTMB4YR44MFGIGC4NX,10 minutes,0.35,50,28.45454545,28.72474724,28.73412104,28.46588478,28.73490526,28.47,29,14.31,28.11,27,15.14,3.27,2,3.53,13.6,15,5.51,3.6,2,4.22,3.14,0.2,9.44
3PBTVBPQ8T2RUQ4LSR4U2IGAMAGLG7,10 minutes,0,677,26.9,26.06053865,24.54411146,26.31934481,24.41194937,29,27,19.95,23.4,24.5,15.39,3.93,4,3.38,10.21,10.5,5.42,3.21,3,2.91,0.09,0.06,0.09
3PBTVBPQ9UHWF8TU0BNM18QB456LGV,15 minutes,0.02,35,42,40.43169757,38.17710355,40.32831393,38.09240693,44.53,39,19.59,51.7,46.5,19.53,7.13,8,4.97,6.6,5,4.36,5.53,5,3.94,0.19,0.1,0.23
3PBTVBPQ9UJW25OVYU5DFTVY5MMGLK_2,7 daysays,0.15,6,44.1,43.9403347,42.94371772,43.62800188,42.94230132,45.71,43,18.17,43.11,42,15.93,5.71,4.5,3.56,9.93,10,5.3,6,5,4.33,0.19,0.15,0.09
3PLXPMD6WGC7AIQBYMRH2GBAFTWKBJ,15 minutes,0.15,2595,43.18181818,43.28350467,42.90958699,42.66018424,42.90891502,42.6,41,11.78,46.11,52,11.98,5.2,4,4.51,11.93,12,5.16,3.87,3,3.31,0.33,0.3,0.24
330XZFCZ7R2IEZH3T3I3O6ANM0DXTM,10 minutes,0.05,35,32.81818182,32.64974874,31.00550824,32.47267957,31.00102746,35.53,36,19.95,25.67,27,10.87,4.73,3,4.35,6,4,5.98,4.47,3,4.14,0.08,0.08,0.03
3Q4WZ5V3MNIH1FT2QKH2OURKHS1UGI,30 minutes,0.05,11486,52.6,51.08282958,49.89824987,51.89805508,49.60580826,53.43,50,23.6,46.78,45,20.57,7.21,8,4.95,5.79,5,4.96,8.43,9,5.26,0.75,0.2,1.6
3Q9ARQ9ZAP4L7I0LVYTFN28MIJR3MM,60minutes,0.4,1,51.27272727,49.91011032,53.03127273,51.17424418,53.12190487,48.6,49,19.39,38.57,49,19.52,8.2,7,5.48,6.53,6,5.78,6.6,5,5.32,0.48,0.45,0.25
3QLL1RLFYUJL8BWXI76KVR6VTA8G40,20 minutes,0.05,1,52.7,52.84878565,52.44856205,52.94214491,52.46589652,54.43,54.5,20.29,60.5,63,19.77,8.86,6.5,5.7,6.29,5.5,5.38,9.36,9.5,4.89,0.38,0.4,0.27
3QNALI7B4SD1ONKL4C5DCUTXSZAZ55,1 hours,0.01,59740,38,37.55764514,37.11833717,38.03080512,37.14463943,39.57,38,17.05,37.4,33.5,14.75,5.5,4.5,5.57,8.5,6,7.2,5.29,4,5.51,0.19,0.09,0.29
330XZFCZ7RB627L6HWI9543W690TXG,60 minutes,0.05,13,41.81818182,41.83309866,42.20921706,41.85522547,42.20795292,41.47,47,18.25,41.5,37,18.17,6.47,6,4.29,7.6,7,4.34,6.67,7,4.79,0.14,0.12,0.08
3R35RPFD8KSAWMKG8PKUBRZ71RYP19,60 minutes,0.03,6009,38.7,39.11091263,40.00180612,39.86757331,39.94271859,37,38,12.88,38.1,38,7.69,5.07,3.5,4.43,12.29,13.5,6.43,4.43,4.5,2.9,0.22,0.1,0.31
3R39EOJX7B7B0RBVIOI0YF8QUNBFFR,10minutes,0.03,7224,30.09090909,30.18986037,28.64442298,29.87488708,28.56946014,32.67,35,22.46,33.18,32,24,3.67,2,3.31,8.13,9,5.42,3.73,4,2.96,0.12,0.09,0.14
3R39EOJX7BI6S1MO8YC8O4DE709FF7,5minutes,0.05,3082,24.77777778,24.806309,24.52432494,24.50052909,24.52161577,24.15,27,11.94,23.64,22,13.01,1.85,1,2.15,11.85,10,5.55,1.69,2,1.44,0.14,0.1,0.14
3R7DCNC1NO24TFH8BGUHQFOR9KEUDP,60 minutes,0.05,399,55.72727273,55.77610956,55.68774058,55.87012489,55.70404351,57.07,58,18.14,47,37,21.79,11.07,10,4.64,4.6,6,4.44,7.33,6,4.06,1.41,0.45,3.04
3R7DCNC1NO24TFH8BGUHQFOR9KEUDP_1,60 minutes,0.05,399,51.36363636,51.15159376,48.4119868,51.5023513,48.1014779,54.73,53,23.05,64.5,57.5,21.66,9.47,11,4.87,7.27,5,5.18,8.67,10,4.34,0.32,0.18,0.36
30E2X49V611K26Z0IIHLB47CQY63NG,60minutes,0.01,1,33.7,34.32180215,35.85610184,34.22798268,35.92305749,31.93,37,11,31.86,39,13.9,3.43,1,4.31,4.93,3,4.83,4.29,4,3.41,0.07,0.05,0.06
33EWWXEH81XUPFZ4BLANE2SZQMJ40X,60 minutes,0.1,3,47.18181818,44.81831162,43.54893573,45.34712779,43.420265,47.13,44,20.84,47.38,45.5,19.42,6.47,3,5.8,6.07,6,5.2,4.67,4,4.01,0.16,0.15,0.11
3R8NDUBSE5C5KWKOVCROU8T8BNKK4W,60 Minutes,0.01,1,14.54545455,14.38656498,14.3447516,14.93213721,14.35844674,16.2,14,11.22,16.36,14.5,11.63,1.27,0,1.91,9.27,10,6.84,1.4,0,2.1,0.14,0.05,0.21
3R8NDUBSE5CIIDI6K37BBGYS2U64KU,5 minutes,0.04,1,26.45454545,26.69070329,24.64570538,26.00987995,24.65596791,28.8,26,20.17,31.25,27,22.14,1.73,0,3.61,7.47,6,7.07,2,0,4.42,0.15,0.13,0.14
3R8NDUBSE5CRYRKXR6M9AB02Z7L4K5,30 minutes,0.15,878,50.8,50.57744467,50.52934094,51.23903258,50.55054417,53.07,52.5,21.16,46.8,50,14.7,6.36,4,5.5,9.5,10,4.05,5.86,4,5.71,0.34,0.25,0.27
3R8NDUBSF67O3EBOSQ1IL6C0CLD4KT,5 minutes,0.03,589,60.54545455,60.85606338,61.04366183,60.14197251,61.04751068,60,62,20.83,61.78,67,17.65,8.27,8,5.02,4.27,4,3.43,9,9,5.3,0.23,0.11,0.31
3RPY1MM09GJ0DPT9E5P5CCJTRTWMHE,15minutes,0.05,1,56,55.95104631,56.47694751,57.0037588,56.48821968,58.2,56,22.49,56.64,45,24.7,8.07,8,4.85,9.2,10,4.72,7.4,7,4.17,0.21,0.15,0.17
3RRYB8LG3ZH82HFOZGL7ANT68BKKUX,5 minutes,0.1,1,30.54545455,31.55201503,32.34008553,31.34595475,32.43042199,30.6,34,16.41,32.67,33,17.26,3.93,3,4.1,6.6,6,6.08,3.93,3,3.53,0.11,0.1,0.06
33FLRCV01N0NF725EJLGLLU8UGYORG,60 seconds,0.1,100,57.8,57.9710207,57.99102174,57.54816199,58.00203619,57.86,64.5,22.98,54.25,53,25.06,7,6,6.08,3.57,1.5,5.12,7.14,4,5.84,0.25,0.25,0.14
3SBA6YTBY276L0SZ55XU5R7VV8FOBP,3 minutes,0.2,64,46.8,46.01828194,43.52268483,46.29295384,43.52966828,51.29,40,24.67,51.63,51,21.67,5.14,3,5.25,7.43,6,6.2,6.14,4.5,4.97,0.23,0.2,0.11
3SI493PTSWP6VJGGSL9VZHEJP2GDZ2,60 seconds,0.02,19,36.36363636,36.65243444,36.52582168,36.39224044,36.52598918,36.4,37,20.63,39.4,38,16.21,3.27,2,3.49,7.27,6,5.08,3.6,2,5.22,0.12,0.07,0.1
3SIEQXXS6F7PLDK653FBMIWP0ADQ4C,60 Minutes,0.2,273,41.90909091,41.82866041,40.71242924,42.01782727,40.56970797,43.73,41,17.93,39.5,38.5,11.53,3.33,2,3.85,10.33,11,5.23,4.67,4,3.72,0.21,0.2,0.11
3SJ1BZ9YMZFJKL9JAYIH6SXUEFF7N6,60 minutes,0.05,18,19.09090909,18.20297474,17.75477106,18.42860978,17.77420628,19.73,18,12.94,23.27,20,12.86,2.13,0,3.6,11.53,14,6.97,1.6,0,3.16,0.54,0.05,1.57
3T1550FWLKIS93DC7DPTY5M29UHWXP,60minutes,0.1,1906,43.90909091,43.99748961,44.36478665,44.66666667,44.36480394,44.67,42,17.22,47.88,51,16.57,4.2,3,4.43,7.13,6,5.68,3.67,2,3.6,0.2,0.2,0.15
33QM7VBL79CAH7ME53S2DMVHTOZ3QX,16 Minutes,0.15,6,40,39.65507229,39.27179055,39.00806502,39.06773799,38.93,39,20.6,42.83,43,19.11,7.21,6.5,4.73,8.57,9,5.46,6.43,6,4.35,0.21,0.15,0.16
3T6HLR4BXW65EY3SGXC7I8ILF1889L,60minutes,0.05,215,38.3,37.85722983,37.64613574,37.19752234,37.6468777,37,37.5,23.45,35.14,38,22.69,5.43,5,5.12,7.5,8,6.61,6.5,6.5,6.2,0.36,0.1,0.63
3T6UNEUZ5USMH6KL5FCL3O350KM199,10minutes,0.02,15,38.4,38.59988372,39.12818039,38.74479516,39.12870727,39.93,38.5,15.25,40.8,39,17.89,5.71,4,4.87,10.07,10,6.59,5.21,4.5,4.82,0.11,0.1,0.09
3T6UNEUZ5USMH6KL5FCL3O350KM199_1,10minutes,0.02,15,17.54545455,17.638652,17.6026121,17.56213475,17.61152807,18.13,19,11.33,21.08,22,10.38,2.87,2,3.25,8.93,10,5.66,1.8,1,2.6,0.05,0.05,0.03
3T6UNEUZ5USMH6KL5FCL3O350KM199_2,10minutes,0.02,15,22.54545455,21.60739041,20.58467689,21.97169285,20.59147311,26.47,19,20.58,27.3,18.5,24.46,2.27,1,4.18,10.47,10,6.52,2.07,1,3.71,1.05,0.05,3.14
3TFUINTXMP1P2TVK22ZNBIA74UYT95,60 minutes,0.05,294,53.5,53.44311547,53.03370198,52.8790947,53.03168938,52.86,50,21.92,60.25,54,15.63,8.14,10,5.67,3.5,3,3.18,9.36,10.5,5.15,0.29,0.2,0.27
3TFUINTXNQRB8MQUNU8RNTUAF5A9TC,10 minutes,0.07,753,13.45454545,13.9619491,13.48054635,14.37688496,13.4671128,15.73,14,14.01,16.71,15.5,13.99,0.93,0,1.28,11.4,11,5.7,0.93,0,1.49,0.1,0.09,0.08
3TJJ8HSJWJ7V3WKXYD3KKOVHU4N28W,60 minutes,0.02,20,39.09090909,38.91120121,38.16756794,38.93006261,38.16758543,41.73,38,14.78,44.82,41,16.19,4.67,4,3.74,10.33,10,5.83,3.6,3,3.22,0.12,0.05,0.16
33RX46D1RXVH625SCIG7UWSYT80X1J,30 minutes,0.04,85,31.72727273,31.89222937,30.58883522,32.10360061,30.58933668,35.73,32,22.58,37.33,27,28.51,3.2,2,3.34,8.27,10,6.28,3,3,3.91,0.15,0.15,0.1
3TO8OQV8RRE8TSS50K77OY4BTUOOLO,60 minutes,0.1,40,34.36363636,34.38256998,34.70123065,34.38937892,34.68494174,33.53,37,18.66,35.33,37,17.66,3.73,4,3.43,9.73,10,4.65,2.6,2,3.27,0.31,0.25,0.2
3TYSWKZBELVFE846EGCGPUMG5XR7G5,7 days,0.03,3880,30.5,30.87795436,30.15920203,30.42542666,30.15940983,31.36,35.5,19.08,32,35,18.54,4.36,2.5,3.91,12.07,14,6.64,3.93,2,3.81,0.07,0.05,0.07
3U2H1DGWOPTCKLUQYVRKVZHY3Q4F4G,2 days,0.04,335,44,39.48705465,34.60064847,38.2980098,34.38004836,45.2,37,21.46,46,37,25.53,8.6,10,6.95,7.33,5,6.44,6.6,4,4.7,0.25,0.13,0.29
3U47UEJKWC6S8AEVXI8SUW72VHPLB6,2 hours,2.8,1,89.54545455,90.40035221,89.79706433,89.19530396,89.78964362,88.53,92,24.64,79.67,75,10.79,13.93,15,4.92,4.87,2,4.81,14.4,15,4,4.04,3.25,2.54
3U47UEJKWC8E1D3WG0VTNM1UKCYBLF,3 minutes,0.01,139,24,24.15534337,20.71343627,23.96818232,20.6639325,28.46,24,21.22,30.67,24.5,20.55,3.77,2,4.83,10.54,13,6.8,1.92,1,3.28,0.06,0.05,0.03
3U47UEJKXD5R38RUXLMDWG1BUJXLBR,60 minutes,0,12,35.63636364,35.32244848,33.08379812,34.47535202,33.08574306,40.13,37,20.45,47,38,20.17,6.13,5,4.41,8.13,10,5.3,5.93,6,3.83,0.14,0.06,0.18
3U6BJ3K2B9GQGJVT0E99IGFE7I2MEG,40 minutes,0.05,112,50.54545455,48.80633289,46.55023191,49.18899945,46.4646698,52.6,47,19.84,61.6,71,20.7,6.73,6,5.74,8.73,10,6.73,5.33,4,5,0.29,0.15,0.28
33XMDKLTFSU7YK1SQJZ2MPHPZ4ZZCZ,30 minutes,0.3,1,47.54545455,47.55582254,44.99323432,47.17439269,44.74168112,50.2,48,18.38,45,41,17.13,6.73,6,5.59,8.07,9,5.79,7.27,6,4.67,0.64,0.25,1.19
3UKAYM2G38LNW9YPLTZSPTC333T903,60minutes,0.05,18,45.4,44.70902682,45.14315035,45.37462584,45.15803593,45.71,40,16.77,41.25,39,15.69,4.29,4,4.5,3.36,2,4.43,5,4,5.32,0.3,0.1,0.35
3USMLONC9E5MDB1GD7ZQ6SDG14K85P,2hours,0.08,1173,59.88888889,60.01247878,59.88275876,59.47755503,59.87931996,58.69,67,24.48,51.75,52.5,31.62,5.92,2,6.49,2.69,1,3.95,7.31,6,6.24,0.4,0.28,0.47
3USZNBD0ID5Y2E7UC1NHCD5VH1M51A,60 minutes,0.01,40,38.1,36.96725399,36.89518747,37.88867274,36.87092124,38.5,34.5,17.01,32.5,30,14.52,5.07,5,4.29,4.14,2,5.05,4.5,4,3.67,0.12,0.1,0.08
3UV3KC5DTGMOGZ30EI3U2F567A15CS,5 minutes,0.06,26,50.72727273,50.79482393,51.51161569,51.315793,51.49997499,50.53,55,23.36,50.89,57,27.58,9.33,12,6.31,4.47,3,4.55,8.07,8,6.04,0.21,0.2,0.14
3UXCLCQO1UDWROO910PGOYLD3QJ20A,60 minutes,0,2,25.2,24.62971287,24.67744633,25.48381288,24.69156227,26.14,23,13.98,21.22,17,11.85,2.57,1.5,2.5,10.71,11,5.68,3.71,2,3.83,0.08,0.04,0.1
3VHU2SWT3EI2EPQKMFU0IXHUUZKSPE,24 hours,0.5,18,48.81818182,45.92160655,45.11339351,47.21575993,44.95318002,48.93,41,23.4,54,41.5,22.42,7.2,6,5.43,6.27,6,5.05,8.2,8,5.63,0.3,0.25,0.3
3VKCYEEK5GTFPTFE2CSUAPH4AEKG1E,1 hour 40 minutes,0.35,5,91,89.33409581,87.28656575,90.18283162,87.30240994,93.79,86.5,24.99,86.71,85,7.13,16,17,3.11,9.21,10.5,6.23,14.14,14,3.25,2.69,1.25,3.09
344RGS4J7S874QSQIPH3B5TQWFPMPU,60 minutes,0,1,10.72727273,10.72413687,9.708816658,10.45694175,9.677251348,12.2,10,7.82,12.43,11,8.06,0.53,0,1.6,6.6,6,6.49,0.4,0,1.3,0.06,0.05,0.07
3VKCYEEK5GTFPTFE2CSUAPH4AEKG1E_1,1 hour 40 minutes,0.35,5,78,74.59399412,72.67209594,73.2179946,72.65234409,81.21,73,21.79,78.2,74,7.69,13.14,14.5,5.57,5.86,4,5.05,12.64,13.5,4.99,0.85,0.6,0.83
3VKCYEEK5GTFPTFE2CSUAPH4AEKG1E_2,1 hour 40 minutes,0.35,5,67.3,67.63012488,67.89538325,67.1071855,67.87904128,65.86,71,22.56,78.33,81,17.41,11.43,14.5,6.22,5.5,3.5,5,8.29,9.5,4.71,0.79,0.5,0.69
3VNGVF6XGJQ1QLT33BZ7QKAQGJTGC8,2 hours,0.07,2676,43.77777778,43.18228407,43.31268844,43.17427475,43.30234868,42.62,38,18.27,44.67,40,12.27,6.15,6,4.63,6.38,8,5.52,5.23,4,5.2,0.2,0.15,0.17
3VPHDNYYW05RMXRPFB37FMZTE8FOX6,60 minutes,0.1,1,2.666666667,2.551182889,2.201334337,2.503162406,2.202483274,3.15,2,2.27,2.44,2,1.33,0,0,0,6.54,5,7.16,0.08,0,0.28,0.04,0.05,0.02
3VS2P0ED9S8WCYR5XKUI3WE62NIZOD,30 minutes,0,200,40,39.5124365,37.99640759,39.78285532,38.00629994,43.54,38,18.77,40.86,38,14.5,7.23,8,5.1,7.08,6,5.89,6.69,6,4.17,0.36,0.16,0.48
3VS2P0ED9S9HPWVU5TDRGGPE3WLOZL,60 minutes,0.2,1,28.7,28.7844304,27.72967083,28.65463539,27.7179386,30,27.5,19.86,30,27.5,19.86,3.43,2,4.09,12.86,13.5,4.75,2.57,1.5,3.27,0.27,0.2,0.15
3VTCTNDIMBI4MSZRCFZ5EXG7KAVTGQ,3 minutes,0.02,110,38,37.7453595,37.56286409,37.99450564,37.57054457,38.64,35,17.6,39.78,42,19.58,6.36,6,4.63,4.43,3.5,4.05,6.57,5.5,5.47,0.29,0.25,0.32
3VXAY8PX9568FZGV4FQLLH1QFO0UBC,3 Minutes,0.07,1,37.27272727,36.94443438,37.82647522,38.01351351,37.82886417,38.47,38,21.3,24.5,21.5,13.13,5.2,4,4.62,8.8,7,5.7,5.4,3,4.88,0.3,0.2,0.31
3W718UE9EUVUJGAIW7WCSAJ232S8KV,40 minutes,0.03,1,10.88888889,10.80638334,9.890845359,10.47675499,9.893209965,14,12,15.2,14,12,15.2,0.92,0,1.44,8.54,10,5.92,0.69,0,0.85,0.07,0.05,0.08
3W7EAH4XLRRHWHV8PSJNN5I48Z5K1Z,7minutes,0.04,1104,23.72727273,22.73757193,20.98965269,22.8141182,20.9686078,26.8,21,17.12,23.27,18,13.5,2.33,1,4.48,9.67,10,6.31,3.73,1,5.13,0.09,0.05,0.07
3WNTBWVI7IICS3U5SPMYXHW39RR1DW,60 minutes,0.1,1,41.63636364,41.24349509,41.20478506,40.52792633,41.19585193,39.33,41,16.14,41.09,41,16.31,3.87,2,3.38,11.33,10,5.81,4.8,4,3.61,0.1,0.1,0.07
3X3BKUX7FNI4TQBH6Z6BCBN743AUUW,20 minutes,0.05,1,8.5,8.60643496,7.269617653,8.019846084,7.264846062,15.33,7,23.71,17.9,12,25.35,0.58,0,1,14,17,7.68,2.42,0,5.81,0.13,0.05,0.17
3XCMB0010Q8CROANL93DZ0TZ7HDP3B,10 minutes,0.03,6,33.45454545,33.43080814,33.06312323,33.38103234,33.06794736,33.93,33,10.62,28.11,26,7.46,5,3,5.94,6.4,6,6.77,2.73,2,2.91,0.14,0.13,0.14
3XFOW6US4G39LHGXH58DQK2U59EF7W,10 minutes,0.06,4,39.54545455,39.33225053,37.461947,39.50494473,37.4616971,42.53,37,18.55,40.5,37,14.74,6,6,4.34,6.6,6,5.08,6.27,4,5.05,0.18,0.13,0.14
3XKJYHBF1PGIGZAV82J26HU67K1S94,45 minutes,0.13,13523,51.90909091,47.92280944,44.33062073,46.07386646,44.23612257,55.67,48,22.81,51.33,48,18.11,5.87,4,4.52,4.8,2,5.03,7.93,9,5.6,0.25,0.21,0.19
34KQN2TBKTGWLIK008X22C5QD2JSAJ,45 minutes,0.04,1205,45.18181818,45.15725427,44.56442214,45.89049584,44.55493741,48.2,39,22.57,45.6,39,23.81,4.47,2,5.41,7.4,4,8.3,5.87,3,5.94,0.21,0.09,0.3
3XKJYHBF2QXEJ36G795O9QJC5X59SV,11 hours 47 minutes,0.02,1,22.75,22.71818015,20.64646216,22.251808,20.64536043,26.92,20.5,22.92,27.3,20.5,24.56,0.58,0,1,11.33,10,6.17,0.25,0,0.45,0.09,0.04,0.1
3XLULPCEJ5A20HTSPHJ11BGOHJ2K00,24 hours,0.1,63,36,36.08699718,36.06895012,35.59225045,36.07352338,35.86,39,15.13,32.38,31,18.19,5.79,5,4.58,5.36,5,3.88,6.14,4.5,4.05,0.18,0.2,0.1
3XLULPCEK6XSKDKZU2VPQEQSWADK07,15minutes,0.05,3923,33.45454545,33.16000715,31.76257034,32.14810733,31.76756372,37.07,33,21.33,28.9,27.5,10.9,5.73,5,4.61,8.4,8,6.6,4.53,3,3.29,0.13,0.07,0.2
3XOONX5XJ4G5CUJT3GITEEBP8TAR9P,45 minutes,0.02,7,21,21.26739988,18.73483093,20.59068594,18.72526042,23.07,21,16.47,19,16,15.98,2.8,2,2.98,9.53,10,6.22,2.47,2,2.56,0.12,0.05,0.16
3XQ5ITPVUWC5A41L5RJWP1DP30VQTX,7 days,0.03,50,38.6,38.08276259,39.54470664,38.51525976,39.60874248,37.43,39,10.95,39.86,39,5.43,5.79,4.5,4.98,7.5,6,6.21,5.29,4,4.55,0.13,0.1,0.07
3XQ5ITPVVXEK5RIJJ0S4JMU41HATQO,60minutes,0.05,24476,41.72727273,40.66094343,38.68367537,40.30662928,38.69583628,43.93,39,22.31,43.78,40,27.85,6.13,4,5.66,5.27,3,6.01,6.47,5,5.03,0.28,0.1,0.32
3YATNUOYWN28VJEWP8MVZLA65TU5R8,60 minutes,0.01,16,47.72727273,47.52871621,47.52249973,48.13843111,47.52971058,48.67,48,21.09,46.6,47,16.49,7.2,5,4.65,6.87,6,5.05,6,5,4.39,0.23,0.2,0.28
34RF8KPUOTU14SPS6MXYXNPWVK1SBB,45 minutes,0.03,24394,25.7,24.99640486,21.72381207,24.57549762,21.55142846,30,22.5,24.01,21.4,20.5,11.62,2.5,1.5,4.22,8.5,8.5,7.79,1.93,1.5,2.3,0.27,0.07,0.49
3YE2HAAZLWT35EOEU3RFNMQ5RC4ZU3,7 minutes,0.15,5,29.27272727,30,30.74516208,30.04031868,30.99704137,29.07,30,15.34,31.44,30,13.31,3.87,2,4.73,8.73,10,3.95,3.4,2,3.78,0.16,0.13,0.16
3YJAOW5N8OU26Z949MJ65YS6Q7GNS0,60 minutes,0.2,1,34.875,35.45209575,35.27704319,34.56826134,35.19646678,34.5,37.5,11.06,31.8,34.5,9.1,3.25,2,3.72,9,10,4.63,1.75,2,1.66,0.38,0.25,0.3
3YKHA5XMY4LNHWQDYI2RHLTBGR3A75,3 hours,0.05,1,28.3,27.95142457,27.58129518,28.81232074,27.61340657,31.29,24,24.69,45,45,0,3.14,1,4.17,4.21,3.5,4.59,2.57,1,4.7,12.42,1,32.88
34RF8KPUOTU14SPS6MXYXNPWVK1SBB_1,45 minutes,0.03,24394,29.3,29.73042906,29.99877612,29.31193877,29.99273747,29.07,32.5,14.39,27,28.5,14.1,2.36,2,2.87,7.43,7.5,5.84,2.71,1.5,2.95,0.22,0.1,0.32
3YS67JKWKBRVDSIQ9F8UVFJ1JQRX40,10 minutes,0.1,82,61.63636364,62.92628899,61.43635729,62.61824083,61.40999179,62.93,65,24.49,59.11,57,23.89,8.27,9,5.64,6.93,6,5.73,9.8,11,4.87,0.27,0.25,0.19
3Z1VWDJDMCSL9FEEWY1JWQIRHY8F8V,60 minutes,0.03,1,44,43.44573704,41.99491927,43.50932058,41.9992702,47.8,39,22.61,51.91,39,24.57,5.6,6,4.36,8.87,11,5.58,4.87,4,4.29,0.35,0.29,0.29
3Z1VWDJDMCXXDMC10K62ECWQF20F8X,5 minutes,0.05,4805,28.81818182,28.85010153,29.30896555,29.13519983,29.31352997,29.4,31,15.26,30.71,34.5,14.93,3.13,2,3.25,12.8,14,5.39,3.27,3,3.2,0.07,0.05,0.05
3Z1VWDJDNDED63DNWYEYK1BZJ9X8FQ,10 minutes,0.01,70584,26.6,26.71682309,25.24306723,26.87691345,25.0830727,29.14,25.5,17.45,30.64,28,18.81,3,2,3.82,7.29,6,5.28,2.43,2.5,1.7,0.1,0.05,0.11
3ZAK6NWIZ37QLEUJSP86OBIVCQQ9VS,10 minutes,0.05,499,5.666666667,5.733839508,5.159870786,5.355321473,5.159729632,8.08,4,10.48,5.5,3.5,5.07,0.54,0,1.66,9.08,10,8,0.23,0,0.6,0.05,0.04,0.04
3ZFB7PFNY1ZJD1XM4GHBRRAA6FG931,60minutes,0.05,51,41.36363636,40.53736143,38.43147999,39.06972812,38.4394929,44.13,39,24.69,38.13,36.5,28.75,4.87,4,4.69,3.67,2,4.32,3.4,2,3.16,0.24,0.15,0.23
3ZFB7PFNY1ZJD1XM4GHBRRAA6GF932,60minutes,0.05,4,42.1,42.4599336,42.0250845,41.06140416,42.03078313,43.36,41,20.93,51.33,43,25.83,3.93,2.5,3.81,5.93,3,7.18,3.79,3.5,4.15,0.28,0.2,0.23
30GUUI0R316PRKEN69AJEXY15MMBCT,15minutes,0.08,3,35.2,35.09377539,35.15346429,35.34545033,35.15183955,35.43,33.5,20.19,36.89,35,19.93,3.93,3,4.14,3.86,4,3.32,3.57,3,3.44,0.13,0.1,0.07
34RF8KPUOTU14SPS6MXYXNPWVK1SBB_2,45 minutes,0.03,24394,35.2,35.60868364,34.62697587,34.32716599,34.62402395,36.93,37.5,21.3,36.78,38,25.04,2.71,2,2.76,5.14,2,6.19,3.43,1.5,4.24,2.32,0.08,6.63
3ZSDUF3VXOXZ44ZW3SE86JT3CR623Z,60 minutes,0.05,6,53.45454545,53.1974146,53.18782725,53.28397077,53.20211909,54.4,56,20.22,51.14,56,17.1,7.13,9,5.51,5.4,3,6.59,9.47,10,5.82,0.24,0.23,0.19
3ZXEP6UEFFQUF1V5KFZ2RFEFLM08OQ,24 hours,0.09,2,43.90909091,42.96510295,42.37010805,43.79907652,42.39680408,46.2,39,20.69,43.5,38.5,15.76,7.8,8,5.05,9.07,10,6.4,6.4,5,5.07,0.33,0.25,0.3
34RF8KPUOTU14SPS6MXYXNPWVK7SBH,45minutes,0.14,8216,42.09090909,40.24035919,39.35679237,41.39677044,39.3683099,44,36,16.84,40.22,35,15.51,4.4,3,4.4,7.27,5,6.18,4.07,3,3.86,0.19,0.15,0.11
3568B45QGKRG3Y1LZDHA1JA6BSCO3E,5 hours,3,1,48.5,47.68759097,47.63914988,48.1869352,47.65621413,49.5,46.5,16.98,51.7,52,16.54,5.5,4,4.07,14.79,16,3.26,3.5,2,3.72,2.17,2,0.94
3589VT1T2BGMXIVHZGNGS492OQIJN8,5 minutes,0.03,938,43.54545455,42.4627141,41.29230737,42.10602228,41.30151616,47.67,39,21.27,44.8,39,12.5,6.47,4,4.14,6.33,7,4.7,5.6,4,4.22,0.21,0.13,0.29
35QUA2ABY634ZYN782PTB2BL5I8EGJ,2 hours,0.1,1,36.90909091,37.22567856,36.62165069,36.63385333,36.58729092,37.73,38,16.23,41.3,38.5,16.06,4,2,4.17,6.47,6,4.78,4.87,3,5.05,0.15,0.1,0.13
35QUA2ABZ7MBAB0HZGYJHQ28USWGE7,20 minutes,0.02,5648,26.4,26.37664291,25.36960943,27.18494747,25.29670973,29.64,24.5,17.61,31.5,31,16.79,3.86,2,4.79,8.79,7.5,6.87,4.64,2,4.81,0.1,0.04,0.12
361LJMRMCQ5CDYJ025B6700NV8CUR4,60 minutes,0.03,1,14.1,13.88701926,12.35103971,13.59319535,12.33689883,15.86,14,10.57,16.42,14,11.37,0.71,0,1.2,9.14,10,7.88,0.43,0,0.76,0.08,0.05,0.08
36HGGQAXL6L87J29O35QD9YQWSFBVG,24 hours,0.04,13,27.3,27.33173467,27.31065857,27.64259991,27.33226414,29.21,28,19.01,26.45,24,15.96,3,3,3.21,12.79,14,4.87,3.14,3,3.59,0.23,0.1,0.23
36IAL8HYOXSPP9QYVLXZPMFW48E4R6,5 Minutes,0.01,1,13.63636364,13.95851677,13.98637186,14.21350469,13.98572401,14.33,14,9.7,15.07,14,9.62,0.93,0,1.49,9.33,10,7.23,1,0,1.69,0.05,0.05,0.03
36MWL0IRGCO0L6PQ7W22BBNT0ICOHL,60 minutes,0.05,7,46.36363636,45.55616623,44.57441969,45.43550419,44.57201375,49,44,22.78,54,46,29.73,5.2,5,5.4,4.8,4,4.93,6.47,6,4.76,0.24,0.15,0.28
36R3RQSDPTXRSZ6X7FR6HZHDYAF078,60 minutes,0.25,1,64,64.29419744,64.10605098,63.75115699,64.10674884,63.67,71,17.7,75.43,72,13.62,11.33,12,5.05,9,9,6.07,10.6,12,4.14,0.33,0.28,0.14
375FCEJV4GX4B1VR293XJCDD0I7CCJ,12 hours,0.6,1,87.45454545,88.08328314,87.61107081,88.88260445,87.60261263,90.93,88,20.27,89.5,72.5,34.34,14.4,14,4.36,4.2,4,4.38,12.87,12,5.73,0.9,0.68,0.89
375MF9UHMRPR2XWE6NL8JC3TL1HSX9,7 days,0.01,4,26,25.70673452,25.09604644,25.84606201,25.01039874,27.2,27,9.67,27.15,27,9.12,2.8,2,2.73,7.27,6,5.61,2.6,2,2.77,0.06,0.05,0.05
37672WDDC2JA93V4O46FCCJ2VAJNM9,30 minutes,0.25,1,32.7,31.23227685,28.0343576,30.58364085,28.03591513,36.21,30,21.9,26.13,25,6.75,2.79,2,2.94,11.79,11.5,4.14,3.79,3,3.45,0.14,0.1,0.1
378UBY8FQ61LFCJMHZWZTRZI59A8TB,10 minutes,0.08,42,39.63636364,39.97599758,40.8773335,40.06193462,40.90795891,38.2,39,16.57,30.6,39,21.76,5,4,4.58,7.67,8,5.31,4.2,4,3.69,0.3,0.15,0.3
378UBY8FR7AABMKBM232FCEFT60T8E,40 minutes,0.4,665,56.81818182,56.34286067,56.06853927,55.94565665,56.0635116,55.33,56,15.14,55.2,57,20.35,8.67,10,3.92,9.2,10,6.32,8.33,7,4.03,0.32,0.4,0.14
37CCG24EIZSNBY0O0RYFBPCKLTQZRW,30 minutes,0.15,1,29.90909091,29.83958338,29.84924984,29.81001187,29.84030604,29.2,28,10.03,29.2,28,10.03,1.87,2,2.45,11.6,11,5.15,1.4,1,1.8,0.21,0.2,0.12
37CCG24EIZSNBY0O0RYFBPCKLTQZRW_1,30 minutes,0.15,1,19.7,18.70837995,18.1715926,18.96745462,18.23248637,20.57,18,9.41,22.5,20.5,8.35,0.93,0,1.33,14.21,15,4.51,0.86,0.5,1.1,0.14,0.15,0.07
37CCG24EIZSNBY0O0RYFBPCKLTQZRW_2,30 minutes,0.15,1,26,26.71215438,26.71657034,26.71679923,26.71554703,24.87,27,9.72,24.87,27,9.72,2.4,2,3.04,14.93,15,3.67,1.73,2,1.83,0.15,0.15,0.06
31QBDMKNDPO96CGOU6OI3UH1N96L85,2 hours,0.62,1,68.72727273,68.10823637,66.68289132,68.11660507,66.69516462,72.73,71,24.46,68.33,71,6.43,10.27,7,6.47,8.07,9,5.47,10.67,10,6.33,1.42,0.66,1.5
37NNZ8MO7S6VRHEMSEGUVBLX898EQM,10minutes,0.02,1226,29.45454545,29.58305023,28.39321349,29.5079148,28.39297425,32.27,27,17.89,33.5,27,17.89,3.4,2,3.76,11.33,12,5.97,2.73,2,2.43,0.12,0.08,0.1
37QHTW84X0Z4WRFH6C4VHQ7JNTDJDT,5 days,0.2,1,49.7,49.84215308,48.32240297,49.3532043,48.2628254,51.29,53.5,20.43,44.5,52,16.23,8.21,8.5,5.29,5.71,4.5,5.54,8.29,9,4.43,0.31,0.25,0.29
37ZHE2JT1D250TKIB56TICN73UM88S,2hours,0.08,13,50.6,47.00088292,42.56443046,45.76450742,42.51685646,55.29,46.5,23.81,48.8,39,21.95,7.57,7,5.26,4.43,1.5,5.85,6.07,6,5.11,0.51,0.2,0.63
38464Y8J3VK9Y56OSLPV9KDIFIGV4J,60 minutes,0.05,3,11,12.0133849,11.32262866,11.08327894,11.2974618,12.07,13,8.2,12.07,13,8.2,0.33,0,1.05,7.8,10,6.25,0.13,0,0.35,0.1,0.05,0.14
38DNTK7MFN2OC2PZPWU81IIJXME01H,60 minutes,0.02,1,19.27272727,19.99246432,19.76163531,19.22993277,19.76166087,19,20,12.08,19,20,12.08,1.2,0,2.34,11.33,11,6.52,1.13,0,1.88,0.14,0.1,0.1
38DNTK7MFN34LCW85JTSAD2CXFQ01S,4minutes,0.01,2012,33,32.21918668,32.09366511,32.01733847,32.24678064,33.73,32,18.39,33.5,29.5,18.88,2.87,2,3.52,6.53,6,6.5,3.87,2,4.32,0.1,0.1,0.07
38FWZZ3ILTDK8ICQRL4PWREV0HIYN7,5 minutes,0.12,1,22.66666667,22.69250614,22.79957362,22.55037331,22.80158654,22.62,24,8.85,22.17,23.5,9.08,1.46,1,1.39,9.85,10,5.7,1.38,1,1.19,0.1,0.11,0.04
38LYNH3Q5PUFYTLC9WG1VAJL0LTGM5,60 minutes,0.05,1,51.8,51.99749224,50.87034428,52.49628251,50.81482404,54.43,51.5,22.01,61,59.5,22.52,8.36,7,5.89,6.86,6,6.38,6.57,4.5,5.67,0.34,0.2,0.34
38MNOT6KWIG21RX6PKH1YJB8VKDT05,5 minutes,0.02,152,48.09090909,47.98937949,48.06731984,47.74704962,48.07072791,48.2,49,23.73,44.17,42.5,24.4,2.73,2,3.53,7.87,4,7.6,4.13,2,5.19,0.09,0.05,0.1
38MNOT6KWIG21RX6PKH1YJB8VKDT05_1,5 minutes,0.02,152,30.27272727,30.04902218,30.28819159,30.31050676,30.28470161,29.93,32,15.04,33,34.5,12.84,1.8,1,2.76,3.07,2,4.7,2.07,1,2.76,3.11,0.1,9.45
38MNOT6KWIG21RX6PKH1YJB8VKDT05_2,5 minutes,0.02,152,29.63636364,28.99070871,27.09876119,28.8793151,27.10673751,32,26,21.52,22,20,13.35,1.53,1,2,6.4,2,7.37,2.13,2,1.92,0.15,0.05,0.3
31R9JPCYP6DVE0AQVNO2QFRENFMWRA,24 hours,0.02,24,47.81818182,45.02690226,41.69473958,46.06420986,41.63585038,50.07,39,23.97,47.2,39,23.63,7.93,6,6.23,9.07,12,6.63,7.13,6,5.94,0.2,0.11,0.29
38NH2CI7ROPJ1MAJ3F139HJ5CPPVU5,10 minutes,0.01,493,38.54545455,36.59030418,33.91435219,36.45673808,33.92068944,41.07,34,16.86,37.67,34,18.63,4.13,3,5.14,4.93,2,5.93,6.33,6,5.41,0.08,0.05,0.07
38NH2CI7SPCMWUJ4T62C2GD654VVUY,5 minutes,0.11,1,31.75,32.13007323,32.53142187,32.71336898,32.5402136,33.33,37.5,19.88,38.1,38.5,17.87,2.67,1.5,3.63,9.25,10,5.71,1.83,2,1.95,1.48,0.15,3.95
394TEHR260P29GUZO0UUQSDZ63O65J,60 minutes,0.01,24,9.909090909,10.00671405,9.464028157,10.09914687,9.464178691,11.53,11,9.41,11.53,11,9.41,1.13,0,2.85,14.8,16,5.66,0.2,0,0.41,0.03,0.02,0.02
39UNKKTVDFFX9VEX2EW7RYBUQ2JGYD,3minutes,0.01,6,41.63636364,41.28761933,40.05024199,40.56003773,40.03919443,43.4,39,21.54,42.67,40,23.35,4.27,4,3.88,7.73,4,7.79,4.73,4,3.81,0.18,0.11,0.17