groupID,a.count,a.innerHref(#),bonus,button,characters,div,fileSize,header.h1,header.h2,header.h3,header.h4,header.h5,img.count,img.over100px,img.under100px,input.count,input.required,input.type.button,input.type.checkbox,input.type.color,input.type.date,input.type.datetime,input.type.datetime-local,input.type.email,input.type.file,input.type.hidden,input.type.image,input.type.month,input.type.number,input.type.password,input.type.radio,input.type.range,input.type.reset,input.type.search,input.type.submit,input.type.tel,input.type.text,input.type.text.readonly,input.type.time,input.type.url,input.type.week,p,selection,span,textarea.count,video,z_sum_inputs
306OACM7G04QOX49OC3VEMIMU7KA8L,19,0,0,1,3786,114,127510,0,1,0,0,0,25,1,24,302,0,1,7,0,0,0,0,1,0,212,0,0,0,0,0,0,0,0,0,0,67,0,0,0,0,5,2,33,3,0,80
30E2X49V611K26Z0IIHLB47CQY53NF,1,0,0,0,702,9,3088,0,0,0,0,0,0,0,0,7,0,0,0,0,0,0,0,0,0,2,0,0,0,0,1,0,0,0,1,0,2,0,0,0,0,3,0,0,0,0,3
30E2X49V611K26Z0IIHLB47CQY63NG,1,0,0,0,1515,9,5086,0,0,0,0,0,0,0,0,5,0,0,2,0,0,0,0,0,0,1,0,0,0,0,0,0,0,0,1,0,1,0,0,0,0,2,0,1,0,0,3
30GUUI0R316PRKEN69AJEXY15MMBCT,7,0,0,1,4593,69,251357,0,2,1,0,0,1,0,1,75,0,0,0,0,0,0,0,0,0,54,0,0,0,0,2,0,0,0,0,0,5,0,0,0,0,7,0,43,6,0,13
319N3DB42B6LKGW48RIT1IUY6MJEPG,2,0,0,0,3347,4,15431,0,0,0,0,0,0,0,0,2,0,0,0,0,0,0,0,0,0,1,0,0,0,0,0,0,0,0,1,0,0,0,0,0,0,6,13,0,1,0,14
31H4HIBP9AWNGDF6JZY7J01Z8LG5HP,0,0,0,0,1175,15,5981,0,0,0,1,2,0,0,0,5,0,0,0,0,0,0,0,0,0,1,0,0,0,0,0,0,0,0,1,0,3,0,0,0,0,4,0,4,0,0,3
31QBDMKNDPO96CGOU6OI3UH1N96L85,73,0,1,2,13376,329,102598,0,0,0,3,0,19,13,6,36,0,0,12,0,0,0,0,0,0,1,0,0,0,0,2,0,0,0,0,0,6,0,0,0,0,52,9,33,0,0,29
31QOF9ABLNAV27TO4PXO0GLATWO1L1,12,0,0,0,2727,5,7249,0,0,0,0,0,0,0,0,23,0,0,9,0,0,0,0,0,0,1,0,0,0,0,0,0,0,0,1,0,8,0,0,0,0,12,0,0,0,0,17
31R9JPCYP6DVE0AQVNO2QFRENFMWRA,0,0,0,0,2011,5,3785,0,0,0,0,0,0,0,0,4,0,0,0,0,0,0,0,0,0,1,0,0,0,0,0,0,0,0,1,0,2,0,0,0,0,2,0,0,0,0,2
31TTIPZ8XM69HILWQZWMCQMN1KS3GE,3,0,0,0,5969,3,13717,1,0,0,0,0,3,2,1,23,0,6,1,0,0,0,0,0,0,6,0,0,1,0,0,0,0,0,1,0,6,0,0,0,0,2,0,2,1,0,9
31ZZN31VRB1J1I6XNAS9X9DBA59QRV,2,0,0,0,1849,49,9492,0,0,0,0,0,0,0,0,46,0,0,3,0,0,0,0,0,0,1,0,0,0,0,2,0,0,0,1,0,0,0,0,0,0,4,0,6,0,0,5
3203J2GC2PK4HSXGZ2GG107218V84Q,2,0,1,1,3250,55,25511,0,0,0,1,0,2,1,0,20,0,0,1,0,0,0,0,0,0,1,0,0,0,0,1,0,0,0,0,0,16,0,0,0,0,0,5,12,1,0,24
3203J2GC2PK4HSXGZ2GG1073Z7V84O,2,0,1,1,10370,74,225885,0,0,0,1,0,4,3,0,34,0,0,1,0,0,0,0,0,0,1,0,0,0,0,1,0,0,0,0,0,30,0,0,0,0,0,23,13,1,0,56
3203J2GC2PK4HSXGZ2GG1074VAS84P,31,0,0,25,13531,289,107486,0,0,0,0,0,19,0,1,49,0,0,12,0,0,0,0,0,0,1,0,0,0,0,0,0,0,0,0,0,24,0,0,0,0,15,24,40,0,0,60
320GLP60AN5TS9K5PU8IGRVPKUZ14P,5,0,14,1,3096,47,34112,0,2,1,0,0,0,0,0,59,0,0,0,0,0,0,0,0,0,29,0,0,0,0,0,0,0,0,0,0,30,0,0,0,0,2,20,2,0,0,50
320GLP60AN6FM9FGZXIOL5AG38941T,1,0,0,0,4961,17,11295,0,0,0,0,0,5,5,0,8,0,0,1,0,0,0,0,0,0,1,0,0,0,0,0,0,0,0,1,0,0,0,0,0,0,5,0,2,0,0,1
323KIQYDLQ7S9UIT4NE6QLFONB14CB,1,0,0,0,1675,11,5956,0,0,0,0,0,2,2,0,5,0,0,0,0,0,0,0,0,0,2,0,0,0,0,0,0,0,0,1,0,2,0,0,0,0,15,0,3,0,0,2
3244QHISJ1ITNE98CFK36E7RG91L0N,1,0,0,0,1017,14,4494,0,0,0,0,0,0,0,0,8,0,0,0,0,0,0,0,0,0,1,0,0,0,0,1,0,0,0,1,0,0,0,0,0,0,1,0,1,0,0,1
3244QHISK2XKVEPCAXDY38M44I9L04,1,0,0,0,2158,12,8535,0,0,0,0,0,0,0,0,8,0,0,0,0,0,0,0,0,0,1,0,0,0,0,0,0,0,0,1,0,6,0,0,0,0,2,1,1,0,0,7
329GGY5YRI5WHTWS4FZ9QWPAMFRT4W,1,0,0,0,1642,8,5061,0,0,0,0,0,0,0,0,4,0,0,0,0,0,0,0,1,0,1,0,0,0,0,0,0,0,0,1,0,1,0,0,0,0,2,0,1,0,0,2
32GVUSPLEYOYH9SP841K39EVOUOK3Z,1,0,0,0,1565,13,8193,0,0,0,0,0,0,0,0,10,0,0,0,0,0,0,0,0,0,1,0,0,0,0,1,0,0,0,1,0,6,0,0,0,0,9,0,1,0,0,7
32GVUSPLFZ61Q5EOZV799O813X5K3C,0,0,0,0,2055,16,9450,0,0,2,7,0,0,0,0,2,0,0,0,0,0,0,0,0,0,1,0,0,0,0,0,0,0,0,1,0,0,0,0,0,0,13,0,22,27,0,27
32JEHGQ0QIPYH7JPSF8OLMHJ8AAU81,6,0,0,2,9970,183,61873,0,0,1,4,0,11,11,0,1,0,0,0,0,0,0,0,0,0,1,0,0,0,0,0,0,0,0,0,0,0,0,0,0,0,5,0,44,10,0,10
32JRJ3GOYGFHSVM6IWA88RJNYD8U1D,2,0,0,0,3902,8,8269,1,0,3,0,3,0,0,0,7,0,0,0,0,0,0,0,0,0,1,0,0,0,0,1,0,0,0,1,0,0,0,0,0,0,7,0,24,2,0,3
32SOQFN7RN4Q5SNOXDF8KS0W4TRIPM,2,0,0,0,599,0,2497,0,0,0,0,0,2,2,0,3,0,0,0,0,0,0,0,0,0,1,0,0,0,0,0,0,0,0,1,0,1,0,0,0,0,3,0,0,1,0,2
32WAV7G60PNC75TK9C1M3A29EH0D36,5,0,1,0,1938,9,6311,0,0,0,0,0,0,0,0,7,0,0,0,0,0,0,0,0,0,1,0,0,0,0,1,0,0,0,1,0,0,0,0,0,0,2,0,1,0,0,1
32WAV7G6ZOBEE25MHO1EVKD7PUBD3N,376,0,1,2,28236,591,316688,0,5,1,0,0,487,57,51,384,0,0,2,0,0,0,0,0,0,26,0,0,0,0,177,0,0,0,0,0,2,0,0,0,0,186,1,1153,1,0,183
330XZFCZ7R2IEZH3T3I3O6ANM0DXTM,1,0,0,0,1129,7,4417,0,0,0,0,0,0,0,0,3,0,0,0,0,0,0,0,0,0,1,0,0,0,0,0,0,0,0,1,0,0,0,0,1,0,2,0,1,0,0,1
330XZFCZ7RB627L6HWI9543W690TXG,5,0,0,1,3191,63,10151,1,0,5,0,0,0,0,0,7,0,0,0,0,0,0,0,0,0,2,0,0,0,0,0,0,0,0,0,0,5,0,0,0,0,2,5,5,1,0,11
33EWWXEH81XUPFZ4BLANE2SZQMJ40X,1,0,0,0,1433,6,5622,0,0,0,0,0,0,0,0,16,0,0,0,0,0,0,0,0,0,1,0,0,0,0,0,0,0,0,1,0,0,0,0,0,0,2,0,1,0,0,0
33FLRCV01N0NF725EJLGLLU8UGYORG,1,0,0,0,2173,12,6633,0,0,0,0,0,0,0,0,8,0,0,0,0,0,0,0,0,0,1,0,0,0,0,0,0,0,0,1,0,0,0,0,1,0,2,0,1,0,0,1
33QM7VBL79CAH7ME53S2DMVHTOZ3QX,37,0,3,0,10397,102,84160,0,2,0,0,0,19,0,0,170,0,0,2,0,0,0,0,0,0,92,3,0,0,0,15,0,0,0,0,0,2,0,0,0,0,132,3,54,2,0,27
33RX46D1RXVH625SCIG7UWSYT80X1J,5,0,1,0,2388,4,7090,0,0,0,0,0,0,0,0,6,0,0,0,0,0,0,0,0,0,1,0,0,0,0,2,0,0,0,1,0,0,0,0,0,0,10,0,12,0,0,2
33XMDKLTFSU7YK1SQJZ2MPHPZ4ZZCZ,1,0,0,0,2075,16,6526,1,0,0,0,0,0,0,0,14,0,0,0,0,0,0,0,0,0,1,0,0,0,0,0,0,0,0,1,0,10,0,0,0,0,3,0,1,0,0,10
344RGS4J7S874QSQIPH3B5TQWFPMPU,1,0,0,0,1182,19,4217,0,0,0,0,0,0,0,0,15,0,0,1,0,0,0,0,0,0,1,0,0,0,0,2,0,0,0,1,0,0,0,0,0,0,4,0,0,0,0,3
34B3PHKY7L0QRWI1JO5S4NCKMT3NE1,0,0,0,0,885,15,3945,0,0,0,0,0,0,0,0,13,0,0,1,0,0,0,0,0,0,1,0,0,0,0,1,0,0,0,1,0,0,0,0,0,0,2,1,0,0,0,3
34KQN2TBKTGWLIK008X22C5QD2JSAJ,6,0,0,2,21542,506,130256,0,0,1,5,0,31,31,0,1,0,0,0,0,0,0,0,0,0,1,0,0,0,0,0,0,0,0,0,0,0,0,0,0,0,6,0,124,30,0,30
34RF8KPUOTU14SPS6MXYXNPWVK1SBB,6,0,0,2,21824,506,130338,0,0,1,5,0,31,31,0,1,0,0,0,0,0,0,0,0,0,1,0,0,0,0,0,0,0,0,0,0,0,0,0,0,0,6,0,124,30,0,30
34RF8KPUOTU14SPS6MXYXNPWVK7SBH,6,0,0,2,14533,311,80059,0,0,1,4,0,19,19,0,1,0,0,0,0,0,0,0,0,0,1,0,0,0,0,0,0,0,0,0,0,0,0,0,0,0,5,0,76,18,0,18
34YKDDZP3UMABNHOK8ECJ4FCOZJWHB,35,0,3,0,5604,58,38335,0,2,0,0,0,15,0,0,30,0,0,2,0,0,0,0,0,0,12,3,0,0,0,0,0,0,0,0,0,2,0,0,0,0,9,3,12,1,0,11
3568B45QGKRG3Y1LZDHA1JA6BSCO3E,10,0,0,10,9078,553,62111,0,0,1,0,0,0,0,0,155,0,0,0,0,0,0,0,0,0,1,0,0,0,0,31,0,0,0,1,0,1,0,0,0,0,24,0,10,10,30,42
3589VT1T2BGMXIVHZGNGS492OQIJN8,3,0,0,0,1054,0,3648,0,0,0,0,0,2,2,0,9,0,0,2,0,0,0,0,0,0,1,0,0,0,0,0,0,0,0,1,0,5,0,0,0,0,5,0,0,0,0,7
35DAEVU8JHJ10FFZ10EN4CRDQ8F870,3,0,1,2,4937,64,88906,0,0,0,1,0,4,3,0,18,0,0,1,0,0,0,0,0,0,1,0,0,0,0,1,0,0,0,0,0,14,0,0,0,0,0,6,15,1,0,23
35GRDJC92I6VOWRC3MF6JHNHWWLC7I,43,0,6,0,10462,712,163855,0,2,1,0,0,23,0,0,1028,0,0,2,0,0,0,0,0,0,674,3,0,0,0,1,0,0,0,0,0,165,0,0,0,0,358,3,14,2,0,176
35HIM1LU2HRMGPBVQO0P66HG1MBI5I,0,0,0,0,1810,10,6777,1,2,0,0,0,0,0,0,4,0,0,0,0,0,0,0,0,0,1,0,0,0,0,0,0,0,0,1,0,2,0,0,0,0,11,1,33,0,1,3
35QUA2ABY634ZYN782PTB2BL5I8EGJ,0,0,0,0,3214,24,11505,0,0,0,0,0,3,3,0,17,0,0,1,0,0,0,0,0,0,1,0,0,0,0,0,0,0,0,1,0,14,0,0,0,0,4,1,0,1,0,17
35QUA2ABZ7MBAB0HZGYJHQ28USWGE7,1,0,0,0,771,10,13398,0,0,0,0,0,0,0,0,4,0,0,0,0,0,0,0,0,0,2,0,0,0,0,0,0,0,0,1,0,1,0,0,0,0,1,1,1,0,0,2
361LJMRMCQ5CDYJ025B6700NV8CUR4,0,0,9,0,1787,15,5246,0,0,0,0,0,0,0,0,11,0,0,1,0,0,0,0,0,0,1,0,0,0,0,1,0,0,0,1,0,2,0,0,0,0,6,2,1,0,0,6
369VX4MEOJAKM0DV8XRK62EAJWKGI1,1,0,0,0,1687,1,6171,2,1,7,8,0,6,6,0,8,0,0,0,0,0,0,0,0,0,1,0,0,0,0,0,0,0,0,1,0,6,0,0,0,0,10,0,5,2,0,8
36ARV8EEH67U95XPYN59VTZKFJ2VA1,1,0,0,0,1315,10,4882,0,0,0,0,0,0,0,0,5,0,0,0,0,0,0,0,0,0,1,0,0,0,0,0,0,0,0,1,0,0,0,0,0,0,2,0,1,0,0,0
36FIWAXJH5YZ4NF13JA9L63DO7Z3AS,4,0,21,0,13159,19,187950,0,11,3,0,0,3,0,3,41,0,8,0,0,0,0,0,0,0,5,0,0,0,0,0,0,0,0,1,0,26,0,0,0,0,39,3,19,3,0,32
36HGGQAXL6KTNEA2DMTHLEEUZ4CVBW,0,0,0,0,7257,4,26771,0,0,0,0,0,0,0,0,135,0,0,44,0,0,0,0,0,0,2,0,0,0,0,22,0,0,0,1,0,0,0,0,0,0,24,0,0,0,0,66
36HGGQAXL6L87J29O35QD9YQWSFBVG,0,0,0,0,923,12,3412,0,1,1,1,0,0,0,0,2,0,0,0,0,0,0,0,0,0,0,0,0,0,0,1,0,0,0,0,0,0,0,0,0,0,1,0,0,0,0,1
36IAL8HYOXSPP9QYVLXZPMFW48E4R6,0,0,4,0,1868,23,25717,1,0,0,0,0,1,1,0,31,0,0,0,0,0,0,0,0,0,9,0,0,0,0,6,0,0,0,0,0,0,0,0,0,0,0,3,2,1,0,10
36MWL0IRGCO0L6PQ7W22BBNT0ICOHL,6,0,5,6,6633,46,24982,0,0,7,2,0,1,1,0,7,0,0,0,0,0,0,0,0,0,1,0,0,0,0,0,0,0,0,0,0,5,0,0,0,0,6,0,7,1,0,6
36QDS77QN9NG5USZQM0XMAC2L97HFT,0,0,0,0,5154,1,8850,0,0,0,0,0,9,7,0,0,0,0,0,0,0,0,0,0,0,0,0,0,0,0,0,0,0,0,0,0,0,0,0,0,0,17,0,0,0,0,0
36QDS77QN9Y3AP81GU3ZJ983H37HFJ,1,0,0,0,949,9,4433,0,0,0,0,0,0,0,0,5,0,0,0,0,0,0,0,0,0,1,0,0,0,0,0,0,0,0,1,0,0,0,0,0,0,2,0,1,0,0,0
36R3RQSDPTXRSZ6X7FR6HZHDYAF078,1,0,0,0,1677,7,5683,0,0,0,0,0,0,0,0,5,0,0,0,0,0,0,0,0,0,1,0,0,0,0,0,0,0,0,1,0,3,0,0,0,0,9,1,1,1,0,5
375FCEJV4GX4B1VR293XJCDD0I7CCJ,2,0,33,0,49760,25,82659,0,0,6,0,0,0,0,0,4,0,0,0,0,0,0,0,0,0,1,0,0,0,0,0,0,0,0,1,0,1,0,0,0,0,20,0,5,0,0,1
375MF9UHMRPR2XWE6NL8JC3TL1HSX9,1,0,0,0,485,9,6246,0,0,0,0,0,0,0,0,3,0,0,0,0,0,0,0,0,0,1,0,0,0,0,1,0,0,0,0,0,0,0,0,0,0,0,0,1,0,0,1
37672WDDC2JA93V4O46FCCJ2VAJNM9,3,0,0,7,2792,58,84191,0,0,2,7,0,9,1,0,17,0,0,0,0,0,0,0,0,0,17,0,0,0,0,0,0,0,0,0,0,0,0,0,0,0,0,0,1,0,0,0
378UBY8FQ61LFCJMHZWZTRZI59A8TB,0,0,0,0,15388,9,30393,0,0,0,5,0,0,0,0,74,0,0,0,0,0,0,0,0,0,1,0,0,0,0,14,0,0,0,1,0,2,0,0,0,0,9,0,13,0,0,16
378UBY8FR7AABMKBM232FCEFT60T8E,0,0,0,0,3118,4,7049,0,0,0,0,0,0,0,0,22,0,0,0,0,0,0,0,0,0,1,0,0,0,0,0,0,0,0,1,0,20,0,0,0,0,10,0,2,0,0,20
379R4POZ46ZM5D7FMP5TH9FBQ7PRXR,1,0,0,0,932,10,4525,0,0,0,0,0,0,0,0,6,0,0,0,0,0,0,0,0,0,1,0,0,0,0,0,0,0,0,1,0,3,0,0,1,0,2,0,1,0,0,4
37CCG24EIZSNBY0O0RYFBPCKLTQZRW,1,0,0,0,2454,79,15337,0,0,0,0,0,18,16,0,23,0,0,0,0,0,0,0,0,0,1,0,0,0,0,3,0,0,0,1,0,0,0,0,0,0,2,6,1,0,0,9
37FXVUXR5NUGX6LAN3N06Z6PNZ6EWN,377,0,1,2,28241,592,316860,0,5,1,0,0,488,58,51,384,0,0,2,0,0,0,0,0,0,26,0,0,0,0,177,0,0,0,0,0,2,0,0,0,0,186,1,1153,1,0,183
37NNZ8MO7S6VRHEMSEGUVBLX898EQM,0,0,0,0,2504,0,14466,0,3,5,0,0,16,0,0,47,0,0,1,0,0,0,0,0,0,1,0,0,0,0,4,0,0,0,1,0,0,0,0,0,0,36,0,0,1,0,6
37QHTW84X0Z4WRFH6C4VHQ7JNTDJDT,0,0,0,0,680,4,2899,0,0,0,0,0,0,0,0,2,0,0,0,0,0,0,0,0,0,1,0,0,0,0,0,0,0,0,1,0,0,0,0,0,0,9,0,0,3,0,3
37ZHE2JT1D250TKIB56TICN73UM88S,3,0,1,2,9940,78,196012,0,0,0,1,0,7,6,0,32,0,0,1,0,0,0,0,0,0,1,0,0,0,0,1,0,0,0,0,0,28,0,0,0,0,0,21,18,1,0,52
37ZHE2JT1D250TKIB56TICN73UQ88W,39,0,3,0,5679,58,40197,0,2,0,0,0,21,0,0,30,0,0,2,0,0,0,0,0,0,12,3,0,0,0,0,0,0,0,0,0,2,0,0,0,0,9,3,12,1,0,11
37ZUGP9H9BONPT0XCKXE3200JPH817,3,0,1,2,9939,78,195387,0,0,0,1,0,4,3,0,32,0,0,1,0,0,0,0,0,0,1,0,0,0,0,1,0,0,0,0,0,28,0,0,0,0,0,20,15,1,0,51
37ZUGP9H9BONPT0XCKXE3201JQL81F,20,0,0,17,6919,197,72313,0,0,0,0,0,12,0,1,33,0,0,8,0,0,0,0,0,0,1,0,0,0,0,0,0,0,0,0,0,16,0,0,0,0,11,16,28,0,0,40
38464Y8J3VK9Y56OSLPV9KDIFIGV4J,0,0,8,0,1022,13,10742,0,0,0,0,0,0,0,0,4,0,0,0,0,0,0,0,0,0,1,0,0,0,0,1,0,0,0,1,0,0,0,0,0,0,0,4,2,0,0,5
389X50RO4VDYCDHURIYQ7760LL5343,1,0,0,0,2614,12,7520,0,0,0,0,0,0,0,0,7,0,0,0,0,0,0,0,0,0,1,0,0,0,0,0,0,0,0,1,0,3,0,0,1,0,2,1,3,0,0,5
38DNTK7MFN2OC2PZPWU81IIJXME01H,1,0,20,0,3035,104,14628,0,0,0,0,0,0,0,0,73,0,0,8,0,0,0,0,0,0,1,0,0,0,0,12,0,0,0,1,0,0,0,0,0,0,6,0,4,0,0,20
38DNTK7MFN34LCW85JTSAD2CXFQ01S,0,0,2,0,1428,6,4684,0,0,0,0,0,0,0,0,6,0,0,0,0,0,0,0,0,0,1,0,0,0,0,0,0,0,0,1,0,0,0,0,0,0,1,0,0,0,0,0
38DNTK7MFN3UAZX8DF8S385AB3E10K,13,0,0,0,2810,58,18101,0,3,0,0,0,14,6,0,12,0,0,2,0,0,0,0,0,0,5,0,0,0,0,0,0,0,0,1,0,4,0,0,0,0,3,0,13,1,0,7
38FWZZ3ILTDK8ICQRL4PWREV0HIYN7,1,0,5,0,2792,61,39930,1,0,3,0,2,1,1,0,38,0,0,0,0,0,0,0,0,0,12,0,0,0,0,7,0,0,0,0,0,0,0,0,0,0,5,5,2,2,0,14
38GRQLZZQQCOARQX7FK2NWOBS4K0CN,1,0,0,0,1076,0,18441,0,0,0,0,0,30,30,0,31,0,0,0,0,0,0,0,0,0,1,0,0,0,0,1,0,0,0,1,0,0,0,0,0,0,2,0,0,0,0,1
38IOEK81UIQHG7BFV93TAAEQ3W496W,0,0,0,0,700,4,3131,0,0,0,0,0,0,0,0,3,0,0,0,0,0,0,0,0,0,1,0,0,0,0,0,0,0,0,1,0,1,0,0,0,0,0,0,1,0,0,1
38LYNH3Q4ODLGFNEHSAP2J87XNZMGY,0,0,1,0,242,1,1911,0,0,1,0,0,1,0,0,3,0,0,0,0,0,0,0,0,0,1,0,0,0,0,0,0,0,0,1,0,1,0,0,0,0,6,0,0,0,0,1
38LYNH3Q5PUFYTLC9WG1VAJL0LTGM5,7,0,25,0,2279,11,14939,0,2,0,0,0,1,1,0,2,0,0,0,0,0,0,0,0,0,1,0,0,0,0,0,0,0,0,1,0,0,0,0,0,0,4,0,10,2,1,2
38MNOT6KWIG21RX6PKH1YJB8VKDT05,0,0,2,0,812,36,18933,0,0,0,0,0,35,35,0,37,0,0,0,0,0,0,0,0,0,1,0,0,0,0,0,0,0,0,1,0,0,0,0,0,0,4,0,5,0,0,0
38NH2CI7ROPJ1MAJ3F139HJ5CPPVU5,1,0,0,1,930,16,14101,0,0,1,2,0,3,3,0,14,0,0,0,0,0,0,0,0,0,11,0,0,0,0,0,0,0,0,0,0,3,0,0,0,0,1,0,1,0,0,3
38NH2CI7SPCMWUJ4T62C2GD654VVUY,0,0,0,0,3369,8,33551,1,0,18,1,0,0,0,0,92,0,0,0,0,0,0,0,0,0,16,0,0,0,0,15,0,0,0,1,0,0,0,0,0,0,115,0,152,0,0,15
38VQ1AW9T5WCGLEK2ZAP9I6I4O826I,0,0,0,0,6221,14,11254,1,4,5,0,0,17,12,5,0,0,0,0,0,0,0,0,0,0,0,0,0,0,0,0,0,0,0,0,0,0,0,0,0,0,18,0,4,0,0,0
390EOHYPK4Q05K2TRHZ1W9N0LW8X3W,2,0,0,0,1843,10,6133,0,0,0,0,0,0,0,0,8,0,0,0,0,0,0,0,0,0,1,0,0,0,0,0,0,0,0,1,0,6,0,0,0,0,4,0,1,0,0,6
39393HGTI5QMIY6JHIT1M5IIGWJEOF,0,0,0,1,3571,8,22748,0,0,0,1,0,0,0,0,13,0,0,0,0,0,0,0,0,0,10,0,0,0,0,1,0,0,0,0,0,1,0,0,0,0,9,0,475,0,0,2
394TEHR260P29GUZO0UUQSDZ63O65J,1,0,0,0,908,9,5468,0,0,0,0,0,2,2,0,4,0,0,0,0,0,0,0,0,0,1,0,0,0,0,1,0,0,0,1,0,0,0,0,0,0,2,0,7,0,0,1
39PLFW4P2L2RPNN40J9QB1XCZ2O4HT,248,0,0,0,12225,323,150022,0,0,0,1,0,25,5,0,53,0,0,3,0,0,0,0,0,0,5,0,0,0,0,0,0,0,0,0,0,9,5,0,0,0,276,5,120,0,0,17
39UNKKTVDF8Y9H8JFO9U930XMBHYGJ,1,0,0,0,1669,17,8705,0,0,0,0,0,10,10,0,13,0,0,5,0,0,0,0,0,0,1,0,0,0,0,0,0,0,0,1,0,0,0,0,0,0,5,0,2,0,0,5
39UNKKTVDFFX9VEX2EW7RYBUQ2JGYD,0,0,0,0,870,8,3464,0,0,0,0,0,0,0,0,4,0,0,0,0,0,0,0,1,0,1,0,0,0,0,0,0,0,0,1,1,0,0,0,0,0,17,0,1,0,0,2
39VNNFFKK59EW3XI1HP5P046ZAXXVP,6,0,0,0,2961,36,15175,0,0,0,0,0,0,0,0,18,0,0,1,0,0,0,0,0,0,1,0,0,0,0,2,0,0,0,1,0,5,0,0,0,0,0,0,1,0,0,8
39Y8ZSVZWWM1XMK47AFGQNZOPQQVZE,9,0,2,0,3458,9,8072,0,0,0,0,0,0,0,0,7,0,0,0,0,0,0,0,0,0,1,0,0,0,0,0,0,0,0,1,0,5,0,0,0,0,9,0,0,0,0,5
39Y8ZSVZXXM4Z9DMIL8I9OJZBK9VZ6,1,0,6,0,1346,4,4293,0,0,0,0,0,0,0,0,20,0,0,1,0,0,0,0,0,0,1,0,0,0,0,0,0,0,0,0,0,0,0,0,0,0,9,0,0,0,0,1
3AA189Q6B51983MEFLORU493K7KMWE,0,0,0,0,1184,4,6141,0,0,0,0,0,0,0,0,6,0,0,0,0,0,0,0,0,0,1,0,0,0,0,0,0,0,0,1,1,3,0,0,0,0,26,0,14,0,0,4
3AA189Q6B52Z6L7EV3NS06BHCKRWMY,1,0,0,0,3060,4,6995,0,0,0,0,0,0,0,0,7,0,0,0,0,0,0,0,0,0,1,0,0,0,0,0,0,0,0,1,0,5,0,0,0,0,1,0,13,1,0,6
3AA189Q6C6N6C9XRHK508ZBLMH8WM3,0,0,0,0,1260,6,5157,0,0,0,0,0,7,7,0,7,0,0,0,0,0,0,0,0,0,1,0,0,0,0,1,0,0,0,1,0,0,0,0,0,0,26,0,8,0,0,1
3AA189Q6C6TLNJILLV2LOGYDJT7MWV,3,0,0,0,1354,11,12560,0,0,0,0,0,0,0,0,2,0,0,0,0,0,0,0,0,0,1,0,0,0,0,0,0,0,0,1,0,0,0,0,0,0,11,0,30,1,0,1
3AJ89545NQHYX91N7X3ADUYHKVTBEA,1,0,0,5,21480,98,94399,0,0,0,0,0,0,0,0,196,0,0,1,0,0,0,0,0,0,1,0,0,0,0,36,0,0,0,1,0,0,0,0,0,0,1,3,32,0,1,40
3AJ89545NQRFJUS6JU65GFBBEJ7BEW,1,0,0,0,771,10,13595,0,0,0,0,0,0,0,0,4,0,0,0,0,0,0,0,0,0,2,0,0,0,0,0,0,0,0,1,0,1,0,0,0,0,1,1,1,0,0,2
3AMAQJSW8I20H10ADEKNBNOAVRROI5,6,0,3,8,5596,48,21884,0,0,6,0,0,1,1,0,7,0,0,0,0,1,0,0,0,0,1,0,0,0,0,0,0,0,0,0,0,2,0,0,0,0,4,0,10,1,0,4
3B9PUZPHFHW5PZT5Q7OV88NG9W6JA5,1,0,0,0,845,4,2719,0,0,0,0,0,0,0,0,2,0,0,0,0,0,0,0,0,0,1,0,0,0,0,0,0,0,0,1,0,0,0,0,0,0,9,0,0,2,0,2
3BGEFHL0JHEL8I3UU0A0G1OJRYOJBS,5,0,3,4,7292,102,113706,0,4,2,0,0,2,1,1,22,0,0,0,0,0,0,0,0,0,12,0,0,0,0,0,0,0,0,0,0,3,0,0,0,0,20,0,29,2,0,5
3BHOG8KFNLAK9AB1ZQLEP6Q0T3RR81,64,0,8,2,29176,318,121594,0,1,0,3,0,13,7,6,39,0,0,20,0,0,0,0,0,0,5,0,0,0,0,2,0,0,0,0,0,4,0,0,0,0,79,14,41,1,0,41
3BK5FW2G6MZ18ENS8D29GOXE9AHRCA,1,0,0,0,647,5,2779,0,0,0,0,0,0,0,0,4,0,0,0,0,0,0,0,1,0,1,0,0,0,0,0,0,0,0,1,0,1,0,0,0,0,4,0,0,0,0,2
3BRG9Q58M1LAH7AQ01RWX47CRWFYQ2,1,0,0,0,913,12,3612,0,0,0,0,0,0,0,0,10,0,0,0,0,0,0,0,0,0,1,0,0,0,0,1,0,0,0,1,0,1,0,0,0,0,2,0,0,0,0,2
3BZN229KV5TWHZF32GLR8LCC1TX6DS,12,0,0,0,1921,86,16608,1,2,1,0,0,13,5,8,35,0,0,0,0,0,0,0,0,0,26,0,0,0,0,0,0,0,0,2,0,7,0,0,0,0,8,0,1,0,0,7
3C2UN3Y7UJLGZT23JF159R7GHEFMFI,25,0,3,20,15801,163,174695,1,1,4,2,8,0,0,0,158,0,0,0,0,0,0,0,0,0,0,0,0,0,0,0,0,0,0,0,0,155,0,0,0,0,23,0,864,4,1,159
3CF7EZI55RWEYNZ9U956QWWUG93IL2,5,0,1,32,1307,46,16942,1,2,0,0,0,6,6,0,17,0,0,4,0,0,0,0,0,0,4,0,0,0,0,1,0,0,0,1,0,5,0,0,0,0,2,2,8,0,0,12
3CP9VRCFS74RV9VXRUIMMBYWTQDUEZ,1,0,0,10,752,36,19443,0,1,0,0,0,1,1,0,0,0,0,0,0,0,0,0,0,0,0,0,0,0,0,0,0,0,0,0,0,0,0,0,0,0,0,0,1,5,0,5
3CTCX9NXB5M1LSUM0XPXZV8QE2WLJA,42,0,6,0,8698,61,54383,2,2,0,0,0,40,0,1,45,0,0,2,0,0,0,0,0,0,22,3,0,0,0,1,0,0,0,0,0,2,0,0,0,0,26,3,12,2,0,13
3CTCX9NXC67QIV0KKFDEFSMCFTJJLN,1,0,0,0,1551,6,3327,0,0,0,0,0,0,0,0,2,0,0,0,0,0,0,0,0,0,1,0,0,0,0,0,0,0,0,1,0,0,0,0,0,0,3,0,1,1,0,1
3CVHT3IKUYKSX9WRAWTF52715RU0R4,0,0,0,0,915,2,4727,3,0,1,0,0,0,0,0,5,0,0,0,0,0,0,0,0,0,1,0,0,0,0,0,0,0,0,1,0,0,0,0,0,0,11,0,0,0,0,0
3CYDGW98NMPSZAAQ0W8MOBJZSSBOM6,2,0,0,0,2445,38,7139,0,0,0,0,0,3,3,0,0,0,0,0,0,0,0,0,0,0,0,0,0,0,0,0,0,0,0,0,0,0,0,0,0,0,1,0,4,0,0,0
3D00S7P7YG22I1NWJE5APKC40DIEZA,1,0,0,0,508,7,2669,0,0,0,0,0,0,0,0,2,0,0,0,0,0,0,0,0,0,1,0,0,0,0,0,0,0,0,1,0,0,0,0,0,0,3,0,1,1,0,1
3D3KZYB02J3NX4IAX3WJJNSJTAYV8O,7,0,0,0,4637,117,24018,0,0,0,0,0,7,0,4,3,0,1,2,0,0,0,0,0,0,0,0,0,0,0,0,0,0,0,0,0,0,0,0,0,0,0,1,37,2,0,5
3D3KZYB03KLUXQ4AWC4FKH86OYE8VD,0,0,0,0,482,6,6294,0,2,0,0,0,4,2,0,9,0,0,0,0,0,0,0,0,0,9,0,0,0,0,0,0,0,0,0,0,0,0,0,0,0,0,0,2,0,0,0
3D3X1L1OBIRB9XRZKHJ79UYYYTK1VU,1,0,3,0,6158,34,16206,0,0,0,0,0,0,0,0,2,0,0,0,0,0,0,0,0,0,1,0,0,0,0,0,0,0,0,1,0,0,0,0,0,0,40,0,1,10,0,10
3D7N1211O74L32LV8ZFDVQWGH61MAZ,13,0,13,8,3637,61,84560,1,0,5,0,0,0,0,0,0,0,0,0,0,0,0,0,0,0,0,0,0,0,0,0,0,0,0,0,0,0,0,0,0,0,8,0,33,2,1,2
3D7N1211P8PBU1MJEXLJFBT15KWAMH,1,0,0,0,4771,50,22890,0,0,0,0,0,0,0,0,24,0,0,0,0,0,0,0,0,0,1,0,0,4,0,4,0,0,0,1,0,0,0,0,0,0,4,2,7,3,0,13
3D8B00U52IVJZWECZOBXRVFXL2U83O,3,0,1,2,4923,64,74391,0,0,0,1,0,3,2,0,18,0,0,1,0,0,0,0,0,0,1,0,0,0,0,1,0,0,0,0,0,14,0,0,0,0,0,6,14,1,0,23
3D8B00U52IVJZWECZOBXRVFYHAV833,28,0,0,25,6733,253,69115,0,0,0,0,0,16,0,1,49,0,0,12,0,0,0,0,0,0,1,0,0,0,0,0,0,0,0,0,0,24,0,0,0,0,15,12,40,0,0,48
3DBJK6OC3AF4JLMP40JUKZIT4XNYF3,10,0,6,0,5991,5,14755,1,0,0,0,0,10,1,5,13,0,0,1,0,0,0,0,0,0,7,0,0,0,0,0,0,0,0,1,0,2,0,0,0,0,14,0,9,1,0,4
3DCXWU0MSDB2RCYGDPZ82R371ZGTVX,0,0,0,0,797,5,2732,0,0,0,0,0,0,0,0,3,0,0,0,0,0,0,0,0,0,1,0,0,0,0,0,0,0,0,1,0,1,0,0,0,0,5,0,0,0,0,1
3DECMKXKT815JCLN1RI1KKDJDFAMBB,0,0,0,0,6009,1,13274,0,0,0,0,0,2,2,0,15,0,0,0,0,0,0,0,0,0,5,0,0,0,0,1,0,0,0,0,0,2,0,0,0,0,4,4,0,0,0,7
3DHOXWJRSC3OAPE5AL86OV64DJCT3O,0,0,0,0,3118,4,7049,0,0,0,0,0,0,0,0,22,0,0,0,0,0,0,0,0,0,1,0,0,0,0,0,0,0,0,1,0,20,0,0,0,0,10,0,2,0,0,20
3DPZKFEUURUGTQUQB4SOUUG5ZFPI4V,2,0,0,0,2606,8,7495,1,0,0,0,0,0,0,0,6,0,0,2,0,0,0,0,0,2,1,0,0,0,0,0,0,0,0,1,0,0,0,0,0,0,17,0,6,0,0,4
3DPZKFEUVSIPT2ERNEAT4GS1UAKI44,4,0,0,0,1424,8,3673,0,0,0,0,0,0,0,0,2,0,0,0,0,0,0,0,0,0,1,0,0,0,0,0,0,0,0,1,0,0,0,0,0,0,11,0,2,1,0,1
3DXFGU9SKN7P79WJOTN6EK4MLG3EXS,1,0,0,0,3638,15,11330,0,0,0,0,0,0,0,0,14,0,0,0,0,0,0,0,0,0,1,0,0,0,0,3,0,0,0,1,0,0,0,0,0,0,33,0,16,4,0,7
3DXFGU9SKNVTS8DGXQ8KL6UJIRCXE8,0,0,0,0,1042,0,4036,0,1,0,0,0,2,2,0,9,0,0,0,0,0,0,0,0,0,1,0,0,1,0,1,0,0,0,1,0,5,0,0,0,0,21,0,2,0,0,7
3DXFGU9SLODY46WA7XIQCVBUTMKEXQ,0,0,0,0,1979,4,4784,0,0,0,0,0,0,0,0,2,0,0,0,0,0,0,0,0,0,1,0,0,0,0,0,0,0,0,1,0,0,0,0,0,0,15,0,7,3,0,3
3E9JM64F23SDM8DQUQW3OKIR1A0NP8,1,0,7,0,4722,14,24953,0,0,0,0,0,0,0,0,11,0,0,0,0,0,0,0,0,0,1,0,0,0,0,4,0,0,0,1,0,0,0,0,0,0,4,4,8,0,0,8
3EGCY5R6XYZQLTGPWNN8D6V7K3JYA2,32,0,0,0,13136,6,93271,1,0,0,0,0,0,0,0,62,0,0,0,0,0,0,0,0,0,1,0,0,0,0,15,0,0,0,1,0,0,0,0,0,0,170,0,384,0,0,15
3EJ1F91ANSU6O8N3S3NGZ4GVCA2IZW,0,0,0,0,953,13,3557,0,0,0,0,0,1,1,0,9,0,0,0,0,0,0,0,0,0,1,0,0,0,0,0,0,0,0,1,0,7,0,0,0,0,2,0,0,0,0,7
3EOZAW7619J5YKCNUIDNV84T8098HV,1,0,0,1,3679,18,15573,0,2,1,0,0,1,1,0,11,0,0,4,0,0,0,0,1,0,3,0,0,0,0,0,0,0,0,1,0,1,0,0,0,0,6,0,1,1,0,7
3EOZAW762AHX3MFSNYKKE4EQ4INH8Q,0,0,0,0,3091,3,53921,0,2,1,0,0,1,0,0,502,0,0,0,0,0,0,0,0,0,1,0,0,0,0,0,0,0,0,1,0,500,0,0,0,0,53,0,1,0,0,500
3ERG9KP7KAETHL286FNRQ00RYLWCHM,0,0,0,0,793,10,4580,0,0,0,17,0,0,0,0,9,0,0,1,0,0,0,0,0,0,1,0,0,0,0,1,0,0,0,1,0,1,0,0,0,0,1,0,14,1,0,4
3EULM6QNGEDGI0DDZ62WA3R8YV4JXB,1,0,0,0,917,15,4170,0,0,0,0,0,0,0,0,5,0,0,0,0,0,0,0,0,0,1,0,0,0,0,1,0,0,0,1,0,0,0,0,0,0,2,0,1,0,0,1
3EX6YJ62T6GKTDIQJCCYD4JMD62ZJG,12,0,6,0,6108,6,15628,1,0,0,0,0,12,3,5,13,0,0,1,0,0,0,0,0,0,7,0,0,0,0,0,0,0,0,1,0,2,0,0,0,0,14,0,9,1,0,4
3EXC7SWSR38EV80UNYXZTOBA3ESHT8,1,0,0,0,1147,7,4509,0,0,0,0,0,0,0,0,3,0,0,0,0,0,0,0,0,0,1,0,0,0,0,0,0,0,0,1,0,0,0,0,1,0,2,0,1,0,0,1
3F0Z1FPMUNUP6TOTMH2XGS6T5GJLYU,0,0,0,0,549,25,22828,0,0,0,0,0,0,0,0,7,0,0,0,0,0,0,0,0,0,3,0,0,1,0,0,0,0,0,1,0,2,0,0,0,0,0,1,0,0,0,4
3F0Z1FPMUNWB7D1EFV5M6IVBAHELYR,0,0,0,0,1043,8,3470,1,0,1,0,1,0,0,0,5,0,0,0,0,0,0,0,0,0,1,0,0,0,0,0,0,0,0,1,0,3,0,0,0,0,7,0,4,0,0,3
3F12ASV6AWHSTTB7IFZKMVGLLVZM46,64,0,8,2,33099,318,125530,0,1,0,3,0,13,7,6,39,0,0,20,0,0,0,0,0,0,5,0,0,0,0,2,0,0,0,0,0,4,0,0,0,0,81,14,41,1,0,41
3F2SNR5B8MKSI92Q9DG0FV11BKO0HL,1,0,0,0,1872,13,6459,0,0,0,0,0,0,0,0,2,0,0,0,0,0,0,0,0,0,1,0,0,0,0,0,0,0,0,1,0,0,0,0,0,0,2,0,2,7,0,7
3FKD865UZQBJZ4661LLBINGEMFPMUJ,0,0,0,0,1689,4,3696,0,0,0,1,0,0,0,0,2,0,0,0,0,0,0,0,0,0,2,0,0,0,0,0,0,0,0,0,0,0,0,0,0,0,3,0,0,1,0,1
3FKD865UZQBJZ4661LLBINGENHPMUO,0,0,0,0,1433,4,3441,0,0,0,1,0,0,0,0,2,0,0,0,0,0,0,0,0,0,2,0,0,0,0,0,0,0,0,0,0,0,0,0,0,0,3,0,0,1,0,1
3FKD865UZQG0HB1FDHAJVT0FL3FMUG,1,0,0,0,1119,7,4537,0,0,0,0,0,0,0,0,3,0,0,0,0,0,0,0,1,0,1,0,0,0,0,0,0,0,0,1,0,0,0,0,0,0,2,0,1,0,0,1
3FOA7RUSUPLLDDXZNITMB1EHL6FPGL,1,0,19,6,3916,34,33165,0,1,1,7,1,13,12,1,7,0,0,0,0,0,0,0,0,0,5,0,0,0,0,0,0,0,0,0,0,2,0,0,0,0,2,0,9,0,0,2
3FQJF6D1R1SUSJ130G368H5I02G92S,33,0,0,25,9404,253,70439,0,0,0,0,0,21,0,1,49,0,0,12,0,0,0,0,0,0,1,0,0,0,0,0,0,0,0,0,0,24,0,0,0,0,15,12,28,0,0,48
3FQJF6D1S2STVEIP11IICRPWDI892M,0,0,0,1,719,30,14782,0,1,2,2,0,20,20,0,3,0,0,0,0,0,0,0,0,0,2,0,0,0,0,0,0,0,0,1,0,0,0,0,0,0,0,0,26,0,0,0
3G2I6FODBC43UCDM72LBPP8Z9I0L60,1,0,0,0,3706,27,16567,0,0,0,0,0,0,0,0,11,0,0,0,0,0,0,0,1,0,1,0,0,0,0,0,0,0,0,1,1,7,0,0,0,0,2,1,1,0,0,10
3GAR7VLBJNDRH4HH5ZWWCFRBGXZ4Y9,6,0,0,1,5234,77,146696,0,2,1,0,0,1,0,1,39,0,0,2,0,0,0,0,0,0,22,0,0,0,0,1,0,0,0,0,0,7,2,0,0,0,2,0,16,2,0,12
3GAR7VLBJNEKQVA3XEJQ66MZFEXY4T,0,0,0,0,4620,0,24940,1,0,8,0,0,3,3,0,8,0,0,0,0,0,0,0,0,0,1,0,0,0,0,2,0,0,0,1,0,1,0,0,0,0,103,20,10,1,0,24
3GBCJUK5C2GRHG97MHYVG9NBQMOPK9,0,0,0,0,940,6,3056,0,0,0,0,0,0,0,0,4,0,0,0,0,0,0,0,0,0,1,0,0,0,0,1,0,0,0,1,0,0,0,0,0,0,11,0,0,0,0,1
3GBCJUK5C2NMDEDWS686X6QI2G8KP3,0,0,0,1,557,2,3937,0,1,0,0,0,0,0,0,3,0,0,0,0,0,0,0,0,0,1,0,0,0,0,0,0,0,0,0,0,1,0,0,0,0,1,0,1,0,0,1
3GC8IVJ10EOCB71QWZ4YFX98VOS9NN,0,0,0,0,1792,19,6598,4,0,0,2,0,0,0,0,4,0,0,0,0,0,0,0,0,0,1,0,0,0,0,0,0,0,0,1,0,2,0,0,0,0,10,1,28,0,1,3
3GRRK9BQWRDBESRD36S5634M392PD9,73,0,1,2,13376,329,102598,0,0,0,3,0,19,13,6,36,0,0,12,0,0,0,0,0,0,1,0,0,0,0,2,0,0,0,0,0,6,0,0,0,0,52,9,33,0,0,29
3GRRK9BQWRPD54OGKFA4YQ8537VPDJ,1,0,0,0,1121,47,7096,0,0,0,0,0,10,10,0,12,0,0,1,0,0,0,0,0,0,1,0,0,0,0,0,0,0,0,1,0,0,0,0,0,0,1,0,3,0,0,1
3GZMSD8U5X9MRGKQIZ546O8UKB695Q,28,0,0,25,14983,289,103413,0,0,0,0,0,16,0,1,49,0,0,12,0,0,0,0,0,0,1,0,0,0,0,0,0,0,0,0,0,24,0,0,0,0,15,24,28,0,0,60
3GZMSD8U5X9MRGKQIZ546O8UKC795T,15,0,0,13,10293,193,86043,0,0,0,0,0,9,0,1,25,0,0,6,0,0,0,0,0,0,1,0,0,0,0,0,0,0,0,0,0,12,0,0,0,0,9,24,28,0,0,42
3GZMSD8U6Y8M82W4VRHXFG1G1IS95R,0,0,0,0,302,5,1788,0,0,0,0,0,0,0,0,3,0,0,0,0,0,0,0,0,0,1,0,0,0,0,0,0,0,0,1,0,1,0,0,0,0,2,0,0,0,0,1
3H41Q6XMRNJ731MM548PSMBGOYMG2I,0,0,0,0,1704,15,6521,0,0,2,8,0,0,0,0,22,0,0,0,0,0,0,0,0,0,1,0,0,0,0,5,0,0,0,1,0,0,0,0,0,0,19,0,0,15,0,20
3H41Q6XMRNUCK2PCFPR6Y35LJFT2GW,0,0,0,0,974,44,12825,0,0,0,0,0,11,0,0,12,0,0,0,0,0,0,0,0,0,1,0,0,0,0,1,0,0,0,1,0,0,0,0,0,0,2,0,0,0,0,1
3H5CSD5832HNKRNN8SDJ6TWED17E80,2,0,0,0,438,12,16171,0,0,0,0,0,1,1,0,6,0,0,2,0,0,0,0,0,0,1,0,0,0,0,1,0,0,0,1,0,0,0,0,0,0,4,0,0,0,0,3
3H5CSD5832HNKRNN8SDJ6TWL583E8G,2,0,0,0,433,66,23562,0,0,0,0,0,19,19,0,23,0,0,21,0,0,0,0,0,0,1,0,0,0,0,0,0,0,0,1,0,0,0,0,0,0,4,0,0,0,0,21
3HBZ8AD97D3GZ7VEBIN9M1728BDNN9,2,0,0,0,1632,37,6313,0,0,0,0,0,3,3,0,0,0,0,0,0,0,0,0,0,0,0,0,0,0,0,0,0,0,0,0,0,0,0,0,0,0,1,0,3,0,0,0
3HBZ8AD97D3GZ7VEBIN9M18U9EHNN5,26,0,0,3,3956,183,33089,0,0,0,1,0,2,0,0,75,0,0,0,0,0,0,0,0,0,0,0,0,0,0,25,0,0,0,0,0,0,0,0,0,0,7,0,75,0,0,25
3HL3WX653BXN6QCFW6M6ATC7KPGPQT,1,0,0,0,2504,6,5694,0,0,0,0,0,2,2,0,2,0,0,0,0,0,0,0,0,0,1,0,0,0,0,0,0,0,0,1,0,0,0,0,0,0,12,0,0,3,0,3
3HQI26VRPRS5H4RSBPY2KOCMRQ13R0,1,0,0,0,1341,10,4986,0,0,0,0,0,0,0,0,6,0,0,2,0,0,0,0,0,0,1,0,0,0,0,0,0,0,0,1,0,2,0,0,0,0,3,0,1,0,0,4
3HVLA9UQN4GKVQOHDHMDH1A7KETU66,5,0,0,1,3935,20,14087,0,0,1,0,0,0,0,0,5,0,0,0,0,0,0,0,0,0,4,0,0,0,0,0,0,0,0,1,0,0,0,0,0,0,1,0,37,0,0,0
3HYDIS22CWMMEZBE3G64NG7ZMZON5V,0,0,0,0,777,5,4224,0,0,0,0,0,2,0,0,3,0,0,0,0,0,0,0,0,0,1,0,0,0,0,0,0,0,0,1,0,0,0,0,1,0,2,0,0,0,0,1
3HYDIS22DXJRRCQBI3AE9ELUHK15NC,1,0,8,0,1724,16,8147,0,0,0,0,0,1,1,0,8,0,0,0,0,0,0,0,0,0,1,0,0,0,0,5,0,0,0,1,0,1,0,0,0,0,3,2,3,0,0,8
3I21NMEA63DY0BA82BXKKSLPMBYSHT,26,0,5,0,3318,38,66606,2,3,0,0,0,31,30,0,76,0,11,0,0,0,0,0,0,0,1,0,0,0,0,1,0,0,0,1,0,59,0,0,0,0,8,7,36,0,0,67
3I3RVCR3FK2XEB4GMX9G7IJ2RLH6XI,6,0,0,0,11969,33,63260,0,2,0,0,0,5,2,0,169,0,0,2,0,0,0,0,0,0,45,0,0,0,0,0,0,0,0,1,0,121,0,0,0,0,3,1,5,1,0,125
3I5ZXD44IULX7AZS354F5V5W46GJCA,2,0,0,0,382,66,23675,0,0,0,0,0,19,19,0,23,0,0,21,0,0,0,0,0,0,1,0,0,0,0,0,0,0,0,1,0,0,0,0,0,0,4,0,0,0,0,21
3I5ZXD44JV69M8DWVE4I5ER80XVCJX,1,0,0,0,6583,113,31285,0,0,0,0,0,0,0,0,59,0,0,0,0,0,0,0,0,0,1,0,0,4,0,11,0,0,0,1,0,0,0,0,0,0,5,2,7,10,0,27
3I5ZXD44JVHG9J4AOHWFS96B5XBJCP,0,0,0,0,1188,21,4626,0,0,0,0,0,0,0,0,19,0,0,0,0,0,0,0,0,0,1,0,0,0,0,1,0,0,0,1,0,1,0,0,0,0,2,0,0,0,0,2
3ID43DSF5JBJ2SZGW2H8HR9RGRT5G5,1,0,0,0,1891,34,9858,0,0,0,1,3,12,12,0,11,0,0,1,0,0,0,0,0,0,1,0,0,0,0,0,0,0,0,1,0,0,0,0,0,0,2,0,4,0,0,1
3IE95L92ROOBGIB0W5PPNWUUL5E7M3,1,0,0,0,1046,7,4215,0,0,0,0,0,0,0,0,3,0,0,0,0,0,0,0,0,0,1,0,0,0,0,0,0,0,0,1,0,0,0,0,1,0,2,0,1,0,0,1
3IOQH27Z2E4FFLJVR8TNNB4HIMC1IN,1,0,0,0,1388,106,19988,1,1,3,0,0,25,25,0,17,0,0,13,0,0,0,0,0,0,0,0,0,0,0,1,0,0,0,0,0,0,0,0,0,0,15,0,26,1,0,15
3IR329NZ7YGB0BGT612CO4BTUIW2K0,0,0,0,0,9756,121,132642,0,0,1,0,0,0,0,0,849,0,0,0,0,0,0,0,0,0,1,0,0,0,0,122,0,0,0,1,0,1,0,0,0,0,135,0,124,0,0,123
3IRUE3ZCDH3J5468JOOGJ1Y2ZWZIC5,1,0,0,0,3413,35,21013,0,0,0,0,0,1,1,0,49,0,0,2,0,0,0,0,1,0,2,0,0,0,0,1,0,0,0,1,1,10,0,0,0,0,2,2,0,0,0,17
3IXQCB6XI8S61DI53P5ICGI2I9BTIR,1,0,0,0,4217,36,22619,0,0,0,0,0,0,0,0,33,0,0,1,0,0,0,0,0,0,1,0,0,0,0,0,0,0,0,1,0,2,0,0,0,0,11,15,1,0,0,18
3J06FGISLU272UJU8S9F5O38AK5K50,0,0,0,0,1810,55,21312,0,0,0,0,0,1,1,0,45,0,0,0,0,0,0,0,0,0,4,0,0,0,0,4,0,0,0,1,0,0,0,0,0,0,0,0,8,0,0,4
3J06FGISMVRO4EVZMT2NFJ1KME95KI,1,0,0,0,1916,34,10094,0,0,0,1,3,12,12,0,11,0,0,1,0,0,0,0,0,0,1,0,0,0,0,0,0,0,0,1,0,0,0,0,0,0,2,0,4,0,0,1
3J567DP9LLBDQUW0322ZJ0FWFWZFPB,2,0,0,0,3266,4,15277,0,0,0,0,0,0,0,0,2,0,0,0,0,0,0,0,0,0,1,0,0,0,0,0,0,0,0,1,0,0,0,0,0,0,6,13,0,1,0,14
3J5HEGTZRLQ9SE8SW9LZS2A15OXGGI,1,0,0,0,1405,47,19323,0,0,0,0,0,36,36,0,38,0,0,0,0,0,0,0,0,0,1,0,0,0,0,1,0,0,0,1,0,0,0,0,0,0,3,0,73,0,0,1
3JCELWMC4PY7J05E7LXQXNDWO6Y3V4,1,0,0,0,4244,34,14785,0,0,0,0,0,0,0,0,2,0,0,0,0,0,0,0,0,0,1,0,0,0,0,0,0,0,0,1,0,0,0,0,0,0,48,0,1,10,0,10
3JG2O8WUZH7UTHWSYCP6CNBWVH79WZ,1,0,0,0,1891,40,8117,0,0,0,0,0,0,0,0,25,0,0,0,0,0,0,0,0,0,1,0,0,0,0,4,0,0,0,1,0,0,0,0,0,0,13,0,1,1,0,5
3JGBBKK855Q5HY1J6RVO56S97I9J0I,0,0,0,0,953,13,3556,0,0,0,0,0,1,1,0,9,0,0,0,0,0,0,0,0,0,1,0,0,0,0,0,0,0,0,1,0,7,0,0,0,0,2,0,0,0,0,7
3JGLGV9D6KL86TQHYYZCMI0V13JD5Y,0,0,0,0,549,25,22605,0,0,0,0,0,0,0,0,7,0,0,0,0,0,0,0,0,0,3,0,0,1,0,0,0,0,0,1,0,2,0,0,0,0,0,1,0,0,0,4
3JT4BYK2Y4IL1Z22PAHP7P5PI0U2WH,0,0,0,0,200,1,1645,0,0,0,0,0,0,0,0,2,0,0,0,0,0,0,0,0,0,1,0,0,0,0,0,0,0,0,1,0,0,0,0,0,0,1,0,0,1,0,1
3K0G5SYN9K0M6D335K10A1FE8RM8MU,0,0,0,0,13007,0,73956,0,7,0,1,0,0,0,0,380,0,0,0,0,0,0,0,0,0,1,0,0,0,0,76,0,0,0,1,0,1,0,0,0,0,15,1,6,1,0,79
3K0G5SYNALYS7SB8UL3I5RQZNM3M85,5,0,5,4,9211,103,115434,0,4,2,0,0,2,1,1,22,0,0,0,0,0,0,0,0,0,12,0,0,0,0,0,0,0,0,0,0,3,0,0,0,0,28,0,2,2,0,5
3K0T7FOBIJOUXM7ZLBPJYBSGQYWM14,4,0,0,0,1477,10,3570,0,0,0,0,0,0,0,0,2,0,0,0,0,0,0,0,0,0,1,0,0,0,0,0,0,0,0,1,0,0,0,0,0,0,13,0,3,2,0,2
3K27O5FVBZ6Y1U1OKHZVRLOYVIWW5C,0,0,0,0,2879,130,23553,0,0,0,0,0,4,4,0,122,0,0,0,0,0,0,0,0,0,1,0,0,0,0,24,0,0,0,1,0,0,0,0,0,0,13,0,24,0,0,24
3K3X4GGOSLN6JKEE0NBXYD5PSA6MC7,7,0,0,0,5231,145,31259,0,0,0,0,0,7,0,4,7,0,1,6,0,0,0,0,0,0,0,0,0,0,0,0,0,0,0,0,0,0,0,0,0,0,0,3,45,4,0,13
3K3X4GGOSLN6JKEE0NBXYD5PV12MCO,3,0,0,0,4434,115,21999,0,0,0,0,0,3,0,0,3,0,1,2,0,0,0,0,0,0,0,0,0,0,0,0,0,0,0,0,0,0,0,0,0,0,0,1,33,2,0,5
3K3X4GGOSLN9WHITSDB41LMDI6SMCK,0,0,0,0,58,0,3602,0,0,0,0,0,0,0,0,5,0,0,0,0,0,0,0,0,0,5,0,0,0,0,0,0,0,0,0,0,0,0,0,0,0,0,0,0,0,0,0
3K9T2ON9ZE5ORLPELXZMHUO84LJMTT,1,0,0,0,560,6,2228,0,0,0,0,0,0,0,0,2,0,0,0,0,0,0,0,0,0,1,0,0,0,0,0,0,0,0,1,0,0,0,0,0,0,3,0,2,1,0,1
3KNJI1FZ8L912486RAFQQV3ZEP6NQU,3,0,0,7,9598,134,37743,0,0,0,2,0,14,0,0,62,0,0,2,0,0,0,0,0,0,0,0,0,0,0,14,0,0,0,0,0,13,0,0,0,0,8,3,52,1,0,33
3L4EWVFWCZFLPLXQZ7MWBK7MU2X9OK,1,0,0,0,1183,8,4378,0,0,0,0,0,0,0,0,3,0,0,0,0,0,0,0,0,0,1,0,0,0,0,0,0,0,0,1,0,0,0,0,0,0,5,0,0,0,0,0
3L8V324VIV0JU2BOPG7PUH68F6NF91,1,0,0,0,1303,7,4769,0,0,0,0,0,0,0,0,3,0,0,0,0,0,0,0,0,0,1,0,0,0,0,0,0,0,0,1,0,0,0,0,1,0,2,0,1,0,0,1
3L8V324VIVQEQ524CR2N49U2T8GF9N,0,0,1,0,4633,38,46737,0,0,0,0,0,4,4,0,8,0,0,0,0,0,0,0,0,0,1,0,0,1,0,0,0,0,0,1,0,5,0,0,0,0,6,23,0,0,0,29
3LBF4GRVWQC3B97WPKKEJO5WDODDDG,1,0,0,0,1505,7,5781,0,0,0,0,0,0,0,0,2,0,0,0,0,0,0,0,0,0,1,0,0,0,0,0,0,0,0,1,0,0,0,0,0,0,7,0,2,1,0,1
3LBF4GRVWQSB1V8AOKNI47EZJYMDDE,0,0,0,0,7288,34,16448,0,0,0,3,0,6,3,0,32,0,0,0,0,0,0,0,0,0,1,0,0,0,0,6,0,0,0,1,0,0,0,0,0,0,8,0,9,0,0,6
3LCM1J6T1CTW3PUN949YD9G6A99CYC,0,0,0,0,406,25,22461,0,0,0,0,0,0,0,0,7,0,0,0,0,0,0,0,0,0,3,0,0,1,0,0,0,0,0,1,0,2,0,0,0,0,0,1,0,0,0,4
3LE9INWSFWFC7U06C7E8H83VJHH0ML,0,0,0,0,150,8,2401,0,0,0,0,0,1,1,0,8,0,0,0,0,0,0,0,0,0,1,0,0,0,0,1,0,0,0,1,0,0,0,0,0,0,3,0,0,0,0,1
3LJE53CC7VYWE1O3MIQ180XM33HESQ,1,0,0,0,1841,7,6971,0,0,0,0,0,1,1,0,23,0,0,20,0,0,0,0,0,0,1,0,0,0,0,0,0,0,0,1,0,1,0,0,0,0,4,0,1,0,0,21
3LLXQSS3GH7EI0TIBFCZBVHJUIM2FF,3,0,0,0,5979,3,13659,1,0,0,0,0,3,2,1,23,0,6,1,0,0,0,0,0,0,6,0,0,1,0,0,0,0,0,1,0,6,0,0,0,0,2,0,2,1,0,9
3LLXQSS3GH7EI0TIBFCZBVHJURL2FW,2,0,0,0,5985,3,13475,1,0,0,0,0,2,1,1,23,0,6,1,0,0,0,0,0,0,6,0,0,1,0,0,0,0,0,1,0,6,0,0,0,0,2,0,2,1,0,9
3LV0310AAZ0POAIRABRDV0CJ4TWKD9,3,0,0,0,935,10,3702,0,0,0,0,0,0,0,0,4,0,0,0,0,0,0,0,0,0,1,0,0,0,0,0,0,0,0,1,0,2,0,0,0,0,5,0,3,0,0,2
3LV0310AAZ5BVL06B1AU1YGZUNKDKM,2,0,0,0,19921,35,93511,0,0,0,0,0,0,0,0,725,0,0,0,0,0,0,0,0,0,1,0,0,0,0,162,0,0,0,1,0,0,0,0,0,0,16,10,0,0,0,172
3LV0310AAZ7UO39UCWLZNYY1B3BDKS,0,0,0,0,793,10,4803,0,0,0,17,0,0,0,0,9,0,0,1,0,0,0,0,0,0,1,0,0,0,0,1,0,0,0,1,0,1,0,0,0,0,1,0,14,1,0,4
3LV0310AB0FIJI1LDLADGNAZ3BMKDF,0,0,0,0,1672,5,6625,0,0,0,0,0,0,0,0,1,0,0,0,0,0,0,0,0,0,1,0,0,0,0,0,0,0,0,0,0,0,0,0,0,0,11,0,7,0,0,0
3LV0310AB0LE2KPSDVZ5QZ931M3DKU,1,0,0,0,1547,14,5410,0,0,0,0,0,1,1,0,6,0,0,0,0,0,0,0,0,0,2,0,0,0,0,1,0,0,0,1,0,1,0,0,0,0,5,1,1,0,0,3
3M35MA94IX9MX6PXAQCG5JTOJ1HNO3,1,0,0,0,4659,4,10172,0,0,0,0,0,0,0,0,2,0,0,0,0,0,0,0,0,0,1,0,0,0,0,0,0,0,0,1,0,0,0,0,0,0,9,6,0,0,0,6
3M6KHLIXGO95W4HFFOS373KMUDHIRT,0,0,0,0,1039,10,7034,0,3,0,0,0,0,0,0,2,0,0,0,0,0,0,0,0,0,1,0,0,0,0,0,0,0,0,1,0,0,0,0,0,0,40,0,3,1,0,1
3ME56J5KH09H8MTADW07EI1HZMYC6P,2,0,0,0,1507,10,5948,0,0,0,0,0,0,0,0,2,0,0,0,0,0,0,0,0,0,1,0,0,0,0,0,0,0,0,1,0,0,0,0,0,0,3,0,1,2,0,2
3ME56J5KH0A6OHM7NB7LNJZ2KW86CO,1,0,0,0,1678,11,5957,0,0,0,0,0,2,2,0,5,0,0,0,0,0,0,0,0,0,2,0,0,0,0,0,0,0,0,1,0,2,0,0,0,0,15,0,3,0,0,2
3MGKBFT74NRL5KAEINTLHYIV1ONSJ5,0,0,0,0,328,11,2627,0,0,0,0,0,1,1,0,7,0,0,0,0,0,0,0,0,0,1,0,0,0,0,0,0,0,0,1,0,5,0,0,0,0,2,0,0,0,0,5
3MHMBB6SGFYXPF5WOO57T0Y1YOLKW9,1,0,0,0,1360,7,4714,0,0,0,0,0,0,0,0,3,0,0,0,0,0,0,0,0,0,1,0,0,0,0,0,0,0,0,1,0,0,0,0,1,0,2,0,1,0,0,1
3MK14RC5NS9WDGLCZVLGWCZQJ24T6G,6,0,0,2,10612,202,53282,0,0,1,5,0,12,12,0,1,0,0,0,0,0,0,0,0,0,1,0,0,0,0,0,0,0,0,0,0,0,0,0,0,0,6,0,48,11,0,11
3MK14RC5NS9WDGLCZVLGWCZQJ2BT6N,39,0,3,0,5634,58,40096,0,2,0,0,0,21,0,0,30,0,0,2,0,0,0,0,0,0,12,3,0,0,0,0,0,0,0,0,0,2,0,0,0,0,9,3,12,1,0,11
3MKP0VNPL180YVBEBVOO0GDECBIJRU,0,0,0,0,508,5,2301,0,0,0,0,0,0,0,0,3,0,0,0,0,0,0,0,0,0,1,0,0,0,0,0,0,0,0,1,0,1,0,0,0,0,3,0,0,0,0,1
3MNPSGWWOQV9GBTQIUTZ7HIZXBCPUY,0,0,0,0,1285,7,3314,0,0,0,0,0,1,1,0,2,0,0,0,0,0,0,0,0,0,1,0,0,0,0,0,0,0,0,1,0,0,0,0,0,0,6,0,4,1,0,1
3MNYFQMXON9G1T2C2HOQSK4JSIPY01,1,0,0,0,579,12,6785,0,0,0,0,0,0,0,0,6,0,0,0,0,0,0,0,0,0,1,0,0,0,0,1,0,0,0,0,0,0,0,0,0,0,0,0,1,0,0,1
3MQJWSYXNGSYPF0J90X7JRB4GS9O5U,55,0,1,2,12030,418,109589,0,1,0,3,0,13,7,6,30,0,0,10,0,0,0,0,0,0,5,0,0,0,0,2,0,0,0,0,0,6,0,0,0,0,49,14,34,1,0,33
3MQJWSYXOHGDXJ3GAF96UH2KF625OC,0,0,0,3,310,25,3203,1,0,0,0,0,2,0,0,0,0,0,0,0,0,0,0,0,0,0,0,0,0,0,0,0,0,0,0,0,0,0,0,0,0,2,0,0,0,0,0
3MXFP9RGE565H89AY0KXMF94YTQB2U,1,0,0,0,597,16,3016,0,0,0,0,0,0,0,0,4,0,0,0,0,0,0,0,0,0,1,0,0,0,0,0,0,0,0,1,0,2,0,0,0,0,3,0,3,0,0,2
3MXFP9RGE565SQ20JA2GC60T4U4B22,43,0,6,0,10462,712,163636,0,2,1,0,0,23,0,0,1028,0,0,2,0,0,0,0,0,0,674,3,0,0,0,1,0,0,0,0,0,165,0,0,0,0,358,3,14,2,0,176
3N9FD9XF48K5Z4R4YKZ4XC3B2YYEVL,1,0,0,0,1226,12,5026,0,0,0,0,0,0,0,0,8,0,0,0,0,0,0,0,1,0,1,0,0,0,0,0,0,0,0,1,1,1,0,0,2,0,2,0,1,0,0,5
3NAD71TD8V1W7T0ET8V40F6WWDIL2U,0,0,0,0,1725,13,8325,4,0,0,2,0,0,0,0,4,0,0,0,0,0,0,0,0,0,1,0,0,0,0,0,0,0,0,1,0,2,0,0,0,0,7,1,34,0,1,3
3NCF7G1XJIORLK6VK0UD85LOJVCNAC,13,0,13,8,3612,61,84545,1,0,5,0,0,0,0,0,0,0,0,0,0,0,0,0,0,0,0,0,0,0,0,0,0,0,0,0,0,0,0,0,0,0,9,0,33,2,1,2
3NCF7G1XKJPJCCJPOHEQSUA1GNWANP,1,0,0,0,4368,43,38194,0,0,25,1,0,62,43,1,74,0,18,0,0,0,0,0,0,0,1,0,0,0,0,0,0,0,0,1,0,36,36,0,0,0,5,0,1,0,0,36
3NE6EBGK47BU93BYGGU8IB2LO7NE35,0,0,1,5,2947,17,12105,0,0,0,6,0,1,1,0,50,0,0,4,0,0,0,0,0,0,32,0,0,0,0,0,0,0,0,0,0,14,0,0,0,0,55,0,0,1,0,19
3NJ4SYXGOJ3OVMOHUVEMN5U7Y2PBNN,1,0,0,0,4368,43,38405,0,0,25,1,0,62,43,1,74,0,18,0,0,0,0,0,0,0,1,0,0,0,0,0,0,0,0,1,0,36,36,0,0,0,5,0,1,0,0,36
3NJ4SYXGOJ3OVMOHUVEMN5U7YYPBNF,1,0,0,0,4403,41,49240,0,0,23,1,0,58,41,1,66,0,16,0,0,0,0,0,0,0,1,0,0,0,0,0,0,0,0,1,0,32,32,0,0,0,6,0,1,0,0,32
3NJ4SYXGOJNVJBRMT3TGCL1CL9UBNQ,1,0,0,0,1336,4,3932,0,0,0,0,0,0,0,0,3,0,0,0,0,0,0,0,0,0,1,0,0,0,0,0,0,0,0,1,0,1,0,0,0,0,7,0,4,1,0,2
3NVVDJT9G6OIY2RUWWJCMM9P5JCPXO,1,0,0,0,2948,55,11865,0,0,0,0,0,0,0,0,52,0,0,2,0,0,0,0,0,0,1,0,0,0,0,6,0,0,0,1,0,0,0,0,0,0,4,1,9,0,0,9
3NXBKB5598TPF5MRSRS8QPZELKSL9C,20,0,0,0,12628,97,33249,1,0,0,0,0,4,0,1,11,0,0,1,0,0,0,0,0,0,10,0,0,0,0,0,0,0,0,0,0,0,0,0,0,0,12,0,6,0,0,1
3O5YJYPUSW7TWBM6KNWM44WLFH8KON,0,0,0,0,1433,4,3440,0,0,0,1,0,0,0,0,2,0,0,0,0,0,0,0,0,0,2,0,0,0,0,0,0,0,0,0,0,0,0,0,0,0,3,0,0,1,0,1
3O73QR1UY8O4VXGQ4UMU1W2GKFC94M,19,0,0,17,8526,205,62834,0,0,0,0,0,11,0,1,33,0,0,8,0,0,0,0,0,0,1,0,0,0,0,0,0,0,0,0,0,16,0,0,0,0,11,16,28,0,0,40
3O73QR1UY8O4VXGQ4UMU1W2GKGC94O,16,0,0,13,10160,193,79391,0,0,0,0,0,10,0,1,31,0,0,6,0,0,0,0,0,0,1,0,0,0,0,0,0,0,0,0,0,18,0,0,0,0,9,18,22,0,0,42
3OBCKNXF1ZHFXL8XUNXW3AYWZX5J3K,0,0,0,0,1725,13,8313,4,0,0,2,0,0,0,0,4,0,0,0,0,0,0,0,0,0,1,0,0,0,0,0,0,0,0,1,0,2,0,0,0,0,7,1,34,0,1,3
3OJGK8O6MRNHZCTYHMEFS503K2OL5K,2,0,0,0,1772,9,5855,0,1,0,0,0,0,0,0,7,0,0,0,0,0,0,0,0,0,1,0,0,0,0,0,0,0,0,1,0,5,0,0,0,0,10,0,2,5,0,10
3OQEO5BIM1SME8SFQJ108NKG2ZKU9F,0,0,0,0,5655,281,35331,0,0,0,0,0,0,0,0,78,0,0,0,0,0,0,0,0,0,1,0,0,0,0,19,0,0,0,1,0,0,0,0,0,0,75,0,19,0,0,19
3OQEO5BIN29PS6BYUHRH0ABF87P9UL,0,0,0,0,2107,4,5162,0,0,0,0,0,0,0,0,2,0,0,0,0,0,0,0,0,0,1,0,0,0,0,0,0,0,0,1,0,0,0,0,0,0,6,0,9,3,0,3
3OR6S1RAC52TCC0V5OHKA3WQNHZAGY,1,0,0,0,1427,4,5157,0,0,0,0,0,0,0,0,12,0,0,0,0,0,0,0,0,0,1,0,0,0,0,0,0,0,0,1,0,10,0,0,0,0,2,0,1,0,0,10
3P15LLOAR9NU663LLUNNP8EDOYG9ZV,2,0,0,0,2089,32,7675,0,0,0,0,0,0,0,0,15,0,0,0,0,0,0,0,0,0,1,0,0,0,0,5,0,0,0,1,0,0,0,0,0,0,2,0,2,0,0,5
3P6UG6V268Y9VTMB4YR44MFGIGC4NX,1,0,8,0,1724,16,8146,0,0,0,0,0,1,1,0,8,0,0,0,0,0,0,0,0,0,1,0,0,0,0,5,0,0,0,1,0,1,0,0,0,0,3,2,3,0,0,8
3PBMWYW3D44FHQ3H0CBK078FM1J2XZ,1,0,1,0,3196,46,19638,0,0,0,0,0,1,1,0,13,0,0,1,0,0,0,0,0,0,1,0,0,0,0,2,0,0,0,1,0,8,0,0,0,0,4,27,1,0,0,38
3PBMWYW3D4VOVNNOVMGLZF23LEGX22,5,0,0,0,2277,4,6991,0,0,0,0,0,0,0,0,6,0,0,0,0,0,0,0,0,0,1,0,0,0,0,2,0,0,0,1,0,0,0,0,0,0,10,0,12,0,0,2
3PBTVBPQ8T2RUQ4LSR4U2IGAMAGLG7,43,0,5,0,7922,61,53884,2,2,0,0,0,41,0,2,45,0,0,2,0,0,0,0,0,0,22,3,0,0,0,1,0,0,0,0,0,2,0,0,0,0,28,3,12,2,0,13
3PBTVBPQ9UHWF8TU0BNM18QB456LGV,0,0,0,0,2748,6,6651,0,0,0,0,0,0,0,0,13,0,0,1,0,0,0,0,0,0,1,0,0,0,0,0,0,0,0,1,0,0,0,0,0,0,12,0,7,0,0,1
3PBTVBPQ9UJW25OVYU5DFTVY5MMGLK,0,0,0,0,7818,328,53049,0,0,0,0,0,46,0,0,47,0,0,0,0,0,0,0,0,0,1,0,0,0,0,0,0,0,0,1,0,45,0,0,0,0,2,0,0,0,0,45
3PHLPV04IQDPW55WV8WBZJA231AP7O,1,0,3,0,1865,22,5119,0,0,0,0,0,1,1,0,3,0,0,0,0,0,0,0,0,0,1,0,0,0,0,0,0,0,0,1,0,1,0,0,0,0,15,0,2,0,0,1
3PLXPMD6WGC7AIQBYMRH2GBAFTWKBJ,20,0,0,1,13596,194,406881,0,2,1,0,0,1,0,1,126,0,0,0,0,0,0,0,0,0,90,0,0,0,0,10,0,0,0,0,0,8,0,0,0,0,3,0,122,2,0,20
3PN7FLVWM45PCCC3MA18W1ODE9IYSJ,0,0,0,0,3657,8,6598,0,0,0,0,0,0,0,0,6,0,0,0,0,0,0,0,0,0,1,0,0,0,0,4,0,0,0,1,0,0,0,0,0,0,13,0,6,0,0,4
3PN7FLVWM45XULC6NHQRXFJ9Z5WSYC,2,0,0,0,1182,8,4742,0,0,0,0,0,0,0,0,2,0,0,0,0,0,0,0,0,0,1,0,0,0,0,0,0,0,0,1,0,0,0,0,0,0,2,0,1,1,0,1
3Q4WZ5V3MNIH1FT2QKH2OURKHS1UGI,3,0,0,0,2740,16,9738,0,0,0,0,0,1,1,0,6,0,0,0,0,0,0,0,1,0,1,0,0,0,0,0,0,0,0,1,0,3,0,0,0,0,5,3,1,0,0,7
3Q9ARQ9ZAP4L7I0LVYTFN28MIJR3MM,21,0,0,0,9841,204,33625,0,0,0,0,0,0,0,0,42,0,0,0,0,0,0,0,0,0,21,0,0,0,0,0,0,0,0,1,0,20,0,0,0,0,6,20,1,0,0,40
3QKP95RWR0AXY9I3VQ7SL2A7LGY5XG,113,0,0,3,5495,220,440697,1,2,1,7,0,11,0,1,2,0,0,0,0,0,0,0,0,0,0,0,0,0,0,0,0,0,0,0,0,2,0,0,0,0,13,0,95,0,0,2
3QLL1RLFYUJL8BWXI76KVR6VTA8G40,0,0,0,0,2078,62,10634,0,0,1,0,0,5,5,0,11,0,0,0,0,0,0,0,0,0,3,0,0,0,0,0,0,0,0,1,0,7,0,0,0,0,15,0,0,0,0,7
3QNALI7B4S6VALH9K67QLF1VCK3Z5B,37,0,3,0,5765,81,48670,0,2,0,0,0,19,0,0,89,0,0,2,0,0,0,0,0,0,57,3,0,0,0,0,0,0,0,0,0,2,0,0,0,0,45,11,9,2,0,20
3QNALI7B4SD1ONKL4C5DCUTXSZAZ55,37,0,3,0,5146,65,43134,1,7,0,0,0,23,0,0,51,0,0,2,0,0,0,0,0,0,25,3,0,0,0,0,0,0,0,0,0,5,0,0,0,0,19,3,9,1,0,14
3QPQKLUN2S87R374XHKKL49YI4M6SW,40,0,0,0,5186,24,22313,0,0,0,0,0,20,20,0,22,0,0,0,0,0,0,0,0,0,1,0,0,0,0,10,0,0,0,1,0,0,0,0,0,0,72,0,0,1,0,11
3QXBZN23LG7N3HYFNCCOI0H4ZPJXNQ,0,0,0,0,1377,0,3023,0,1,0,0,0,0,0,0,9,0,0,0,0,0,0,0,0,0,1,0,0,0,0,1,0,0,0,1,0,0,0,0,0,0,9,0,0,3,0,4
3R0WG3C6FAYXA2OVFH1MKSVV7DKWL8,0,0,0,0,6618,25,77948,0,7,7,0,0,0,0,0,43,0,2,1,0,0,0,0,0,0,11,0,0,0,0,3,3,0,0,1,0,0,0,0,0,0,3,0,0,0,0,7
3R35RPFD7J1GHLW8Y5PUB7E29XSP1C,59,0,0,7,28281,189,107771,3,13,1,0,0,84,7,74,45,0,4,0,0,0,0,0,0,0,0,0,0,0,0,2,0,0,0,0,0,35,0,0,0,0,44,1,45,1,0,39
3R35RPFD8KSAWMKG8PKUBRZ71RYP19,0,0,0,0,3322,35,12108,0,0,0,0,0,0,0,0,25,0,0,1,0,0,0,0,0,0,1,0,0,0,0,11,0,0,0,1,0,0,0,0,0,0,10,0,24,0,0,12
3R35RPFD8KW5RVQQX9OYA2WSE711PN,3,0,0,0,1400,0,4055,0,1,2,0,0,0,0,0,7,0,0,0,0,0,0,0,1,0,1,0,0,0,0,0,0,0,0,1,0,4,0,0,0,0,7,0,21,0,0,5
3R39EOJX7B7B0RBVIOI0YF8QUNBFFR,1,0,0,0,1163,7,4465,0,0,0,0,0,0,0,0,3,0,0,0,0,0,0,0,0,0,1,0,0,0,0,0,0,0,0,1,0,0,0,0,1,0,2,0,1,0,0,1
3R39EOJX7BI6S1MO8YC8O4DE709FF7,7,0,0,1,3096,65,200812,0,2,1,0,0,3,0,1,55,0,0,0,0,0,0,0,0,0,35,0,0,0,0,2,0,0,0,0,0,5,0,0,0,0,4,0,21,2,0,9
3R7DCNC1NO24TFH8BGUHQFOR9KEUDP,1,0,0,0,4131,36,22325,0,0,0,0,0,0,0,0,33,0,0,1,0,0,0,0,0,0,1,0,0,0,0,0,0,0,0,1,0,2,0,0,0,0,11,15,1,0,0,18
3R7DCNC1NOV5HU26IA2C7R0658YUDF,0,0,0,0,7006,0,33726,0,7,0,1,0,0,0,0,151,0,0,0,0,0,0,0,0,0,1,0,0,0,0,30,0,0,0,1,0,11,0,0,0,0,92,0,138,0,0,41
3R8MKH13HFEBE45LFXZBD3ZAAT6QLU,2,0,0,0,2108,37,7226,0,0,0,0,0,3,3,0,0,0,0,0,0,0,0,0,0,0,0,0,0,0,0,0,0,0,0,0,0,0,0,0,0,0,1,0,3,0,0,0
3R8NDUBSE5C5KWKOVCROU8T8BNKK4W,1,0,0,0,1465,33,6465,0,0,0,0,0,0,0,0,19,0,0,0,0,0,0,0,0,0,1,0,0,0,0,5,0,0,0,1,0,0,0,0,0,0,2,0,1,0,0,5
3R8NDUBSE5CIIDI6K37BBGYS2U64KU,0,0,0,6,681,7,7982,0,0,1,0,0,1,1,0,3,0,0,0,0,0,0,0,0,0,1,0,0,0,0,0,0,0,0,1,0,1,0,0,0,0,1,3,0,0,0,4
3R8NDUBSE5CRYRKXR6M9AB02Z7L4K5,0,0,0,7,2497,43,12409,0,0,1,0,0,5,5,0,21,0,0,0,0,0,0,0,0,0,21,0,0,0,0,0,0,0,0,0,0,0,0,0,0,0,8,0,3,0,0,0
3R8NDUBSF67O3EBOSQ1IL6C0CLD4KT,2,0,0,0,1029,0,3332,0,1,2,0,0,0,0,0,6,0,0,0,0,0,0,0,0,0,1,0,0,0,0,0,0,0,0,1,0,4,0,0,0,0,5,0,17,0,0,4
3RPY1MM09GJ0DPT9E5P5CCJTRTWMHE,17,0,13,10,4634,66,81466,1,0,5,0,0,0,0,0,0,0,0,0,0,0,0,0,0,0,0,0,0,0,0,0,0,0,0,0,0,0,0,0,0,0,14,0,38,2,1,2
3RRYB8LG3ZH82HFOZGL7ANT68BKKUX,10,0,0,12,7566,60,24605,0,0,2,1,5,0,0,0,7,0,0,1,0,0,0,0,0,0,6,0,0,0,0,0,0,0,0,0,0,0,0,0,0,0,15,1,12,2,0,4
3S1POB7GU8DKAHGA5W96UXZRMJ8QU4,0,0,1,0,1453,1,6572,0,0,1,0,0,0,0,0,3,0,1,0,0,0,0,0,0,0,1,0,0,0,0,0,0,0,0,1,0,0,0,0,0,0,21,2,0,1,0,3
3S4LLGXSV3FZU47VRD0W7FI7RKKAOY,1,0,0,0,1610,14,5753,0,0,0,0,0,1,1,0,6,0,0,0,0,0,0,0,0,0,2,0,0,0,0,1,0,0,0,1,0,1,0,0,0,0,6,1,1,0,0,3
3S8DC08I2JZOJ6XAR5ADV2RBM80EJJ,1,0,0,0,5148,59,24248,0,0,0,0,0,0,0,0,29,0,0,0,0,0,0,0,0,0,1,0,0,4,0,5,0,0,0,1,0,0,0,0,0,0,5,2,8,4,0,15
3SBA6YTBY276L0SZ55XU5R7VV8FOBP,0,0,0,0,707,5,3904,0,0,0,0,0,2,0,0,3,0,0,0,0,0,0,0,0,0,1,0,0,0,0,0,0,0,0,1,0,0,0,0,1,0,2,0,0,0,0,1
3SFRD5IA5Z34MMJO249XJPJMVUHFBF,1,0,0,1,2141,35,13762,1,0,1,0,0,0,0,0,13,0,0,0,0,0,0,0,1,0,5,0,0,0,0,0,0,0,0,1,0,6,0,0,0,0,2,0,0,1,0,8
3SI493PTSWP5AHPBIVTI1I8D7X4ZDI,1,0,0,0,1640,17,6183,0,0,0,0,0,1,1,0,11,0,0,0,0,0,0,0,0,0,1,0,0,0,0,1,0,0,0,1,0,7,0,0,0,0,5,0,1,0,0,8
3SI493PTSWP6VJGGSL9VZHEJP2GDZ2,2,0,0,0,473,0,1744,1,0,0,0,0,0,0,0,4,0,0,0,0,0,0,0,0,0,1,0,0,0,0,0,0,0,0,1,0,1,0,0,0,0,4,0,2,0,0,1
3SIEQXXS6F7PLDK653FBMIWP0ADQ4C,0,0,0,0,704,5,3901,0,0,0,0,0,2,0,0,3,0,0,0,0,0,0,0,0,0,1,0,0,0,0,0,0,0,0,1,0,0,0,0,1,0,2,0,0,0,0,1
3SJ1BZ9YMZFJKL9JAYIH6SXUEFF7N6,1,0,0,0,1824,7,5660,0,0,0,0,0,0,0,0,10,0,0,1,0,0,0,0,0,0,1,0,0,0,0,0,0,0,0,1,0,0,0,0,0,0,2,0,0,0,0,1
3T1550FWLKIS93DC7DPTY5M29UHWXP,1,0,6,0,1344,4,4289,0,0,0,0,0,0,0,0,20,0,0,1,0,0,0,0,0,0,1,0,0,0,0,0,0,0,0,0,0,0,0,0,0,0,9,0,0,0,0,1
3T6HLR4BXW5RX3QYFIC2AVGBFN389Y,0,0,1,0,1558,23,5487,0,0,0,0,0,0,0,0,18,0,0,0,0,0,0,0,0,0,1,0,0,0,0,5,0,0,0,1,0,1,0,0,0,0,3,0,0,4,0,10
3T6HLR4BXW65EY3SGXC7I8IJLZ589G,3,0,1,2,7050,70,126605,0,0,0,1,0,5,4,0,24,0,0,1,0,0,0,0,0,0,1,0,0,0,0,1,0,0,0,0,0,20,0,0,0,0,0,13,16,1,0,36
3T6HLR4BXW65EY3SGXC7I8ILF1889L,20,0,0,17,7556,205,65152,0,0,0,0,0,12,0,1,33,0,0,8,0,0,0,0,0,0,1,0,0,0,0,0,0,0,0,0,0,16,0,0,0,0,11,16,36,0,0,40
3T6UNEUZ5USMH6KL5FCL3O350KM199,0,0,0,0,278,5,5896,0,0,0,0,0,50,50,0,4,0,0,0,0,0,0,0,0,0,1,0,0,0,0,2,0,0,0,1,0,0,0,0,0,0,1,0,0,0,0,2
3TCGLRK8ZGNA4CQP60QJDQBQH1MZQ6,12,0,2,2,6102,112,252474,0,2,2,0,0,4,2,1,63,0,0,4,0,0,0,0,0,0,41,0,0,0,0,1,0,0,0,0,0,10,3,0,0,0,5,1,39,9,0,25
3TFUINTXMP1P2TVK22ZNBIA74UYT95,37,0,3,0,5549,65,42423,0,2,0,0,0,23,0,1,51,0,0,2,0,0,0,0,0,0,23,3,0,0,0,0,0,0,0,0,0,5,0,0,0,0,25,3,9,1,0,14
3TFUINTXNQRB8MQUNU8RNTUAF5A9TC,0,0,1,0,546,11,3341,0,0,0,0,0,0,0,0,9,0,0,0,0,0,0,0,0,0,1,0,0,0,0,3,0,0,0,1,0,1,0,0,0,0,2,0,0,0,0,4
3TJJ8HSJVIOUEEITVOXS8LA6BWX82U,28,0,0,25,8448,241,96733,0,0,0,0,0,16,0,1,37,0,0,12,0,0,0,0,0,0,1,0,0,0,0,0,0,0,0,0,0,12,0,0,0,0,15,24,40,0,0,48
3TJJ8HSJWJ7V3WKXYD3KKOVHU4N28W,0,0,0,0,4781,83,22134,0,0,0,0,0,10,10,0,57,0,0,0,0,0,0,0,0,0,1,0,0,0,0,35,0,0,0,1,0,0,0,0,0,0,11,0,10,0,0,35
3TO8OQV8RRE8TSS50K77OY4BTUOOLO,0,0,0,0,3509,11,18942,0,0,0,0,0,0,0,0,32,0,0,10,0,0,0,0,0,0,1,0,0,0,0,0,20,0,0,1,0,0,0,0,0,0,48,0,96,0,0,30
3TR9CMHN3N8E2YCNTAQUMF33CUSBB8,0,0,0,0,2715,4,4860,1,0,0,0,0,0,0,0,2,0,0,0,0,0,0,0,0,0,1,0,0,0,0,0,0,0,0,1,0,0,0,0,0,0,19,0,1,1,0,1
3TYSWKZBELVFE846EGCGPUMG5XR7G5,0,0,0,0,1076,0,3348,0,1,0,0,0,0,0,0,8,0,0,0,0,0,0,0,0,0,2,0,0,0,0,1,0,0,0,1,0,0,0,0,0,0,0,0,0,0,1,1
3TYSWKZBFMLN72JJOTFJJEIWD9HG7U,0,0,0,0,1810,10,6561,1,2,0,0,0,0,0,0,4,0,0,0,0,0,0,0,0,0,1,0,0,0,0,0,0,0,0,1,0,2,0,0,0,0,11,1,33,0,1,3
3U2H1DGWOPTCKLUQYVRKVZHY3Q4F4G,0,0,0,0,1364,16,5113,0,0,0,0,0,1,1,0,5,0,0,0,0,0,0,0,0,0,1,0,0,0,0,0,0,0,0,1,0,1,0,0,0,0,6,0,2,0,0,1
3U47UEJKWC6S8AEVXI8SUW72VHPLB6,73,0,1,3,13443,338,104068,0,0,0,3,0,19,13,6,36,0,0,12,0,0,0,0,0,0,1,0,0,0,0,2,0,0,0,0,0,6,0,0,0,0,53,9,35,0,1,29
3U47UEJKWC7M32113CRLFBCBUKFBLV,1,0,0,0,703,10,3249,0,0,0,0,0,0,0,0,8,0,0,0,0,0,0,0,0,0,1,0,0,0,0,0,0,0,0,1,0,6,0,0,0,0,3,0,0,0,0,6
3U47UEJKWC8E1D3WG0VTNM1UKCYBLF,1,0,0,0,1998,14,5666,0,0,0,0,0,1,1,0,9,0,0,0,0,0,0,0,0,0,2,0,0,0,0,2,0,0,0,1,0,0,0,0,0,0,6,0,0,0,0,2
3U47UEJKXD5R38RUXLMDWG1BUJXLBR,34,0,6,3,30489,313,1255800,1,8,1,0,0,34,16,11,150,0,11,3,0,0,0,0,0,0,117,0,0,0,0,0,0,0,0,0,0,12,0,0,0,0,99,0,952,10,0,25
3U6BJ3K2B9GQGJVT0E99IGFE7I2MEG,24,0,1,0,15536,104,37760,1,8,0,0,0,4,1,1,11,0,0,1,0,0,0,0,0,0,10,0,0,0,0,0,0,0,0,0,0,0,0,0,0,0,27,0,10,0,0,1
3UEL82N5TO6EUK0Y8E9LV0DUVX2NTJ,2,0,0,0,2192,37,6836,0,0,0,0,0,3,3,0,0,0,0,0,0,0,0,0,0,0,0,0,0,0,0,0,0,0,0,0,0,0,0,0,0,0,1,0,3,0,0,0
3UEL82N5TOKN43E6MBDHCIJ23C3NTV,2,0,0,0,1815,8,6807,0,0,0,0,0,0,0,0,9,0,0,0,0,1,0,0,0,0,1,0,0,1,0,1,0,0,0,1,0,0,0,0,0,0,2,1,1,1,0,5
3UKAYM2G38LNW9YPLTZSPTC333T903,20,0,0,17,7900,197,83007,0,0,0,0,0,12,0,1,25,0,0,8,0,0,0,0,0,0,1,0,0,0,0,0,0,0,0,0,0,8,0,0,0,0,11,24,36,0,0,40
3USMLONC9E5MDB1GD7ZQ6SDG14K85P,3,0,1,2,9969,78,195304,0,0,0,1,0,7,6,0,32,0,0,1,0,0,0,0,0,0,1,0,0,0,0,1,0,0,0,0,0,28,0,0,0,0,0,21,18,1,0,52
3USZNBD0ID5Y2E7UC1NHCD5VH1M51A,1,0,0,0,1079,6,4246,0,0,0,0,0,0,0,0,8,0,0,0,0,0,0,0,0,0,1,0,0,0,0,0,0,0,0,1,0,6,0,0,0,0,14,0,1,0,0,6
3UV3KC5DTGMOGZ30EI3U2F567A15CS,2,0,0,0,1054,0,3521,0,1,2,0,0,0,0,0,7,0,0,0,0,0,0,0,0,0,1,0,0,0,0,0,0,0,0,1,0,5,0,0,0,0,7,0,18,0,0,5
3UXCLCQO1UDWROO910PGOYLD3QJ20A,1,0,0,0,1840,10,7825,0,0,0,0,0,0,0,0,5,0,0,0,0,0,0,0,0,0,1,0,0,0,0,1,0,0,0,1,0,0,0,0,0,0,1,0,1,0,0,1
3UXCLCQO2V425H8F0OVWTKIEO3N20G,1,0,5,0,9152,19,16342,0,0,0,0,0,0,0,0,2,0,0,0,0,0,0,0,0,0,1,0,0,0,0,0,0,0,0,1,0,0,0,0,0,0,31,0,0,5,0,5
3VHU2SWT3EI2EPQKMFU0IXHUUZKSPE,0,0,0,0,727,5,4276,0,0,0,0,0,0,0,0,6,0,0,0,0,0,0,0,1,0,1,0,0,0,0,0,0,0,0,1,0,2,0,0,1,0,2,0,0,0,0,4
3VKCYEEK5GTFPTFE2CSUAPH4AEKG1E,37,0,3,0,23390,83,87697,0,2,0,0,0,21,0,0,201,0,0,12,0,0,0,0,0,0,63,3,0,0,0,0,0,0,0,0,0,2,0,0,0,0,150,3,110,1,0,21
3VNGVF6XGJQ1QLT33BZ7QKAQGJTGC8,0,0,0,0,1106,11,3834,0,0,0,0,0,0,0,0,7,0,0,0,0,0,0,0,0,0,1,0,0,0,0,0,0,0,0,1,0,1,0,0,0,0,11,0,1,0,0,1
3VNVHCMRM39PCV9YY08XQFC2ASTW7K,0,0,0,0,989,6,3141,0,0,0,0,0,0,0,0,2,0,0,0,0,0,0,0,0,0,1,0,0,0,0,0,0,0,0,1,0,0,0,0,0,0,2,0,0,1,0,1
3VPHDNYYW05RMXRPFB37FMZTE8FOX6,1,0,0,0,965,10,4013,0,0,0,0,0,0,0,0,4,0,0,0,0,0,0,0,0,0,1,0,0,0,0,1,0,0,0,1,0,0,0,0,0,0,2,0,1,0,0,1
3VS2P0ED9S8WCYR5XKUI3WE62NIZOD,0,0,0,0,7384,114,16167,0,0,0,0,0,8,8,0,52,0,2,0,0,0,0,0,0,0,25,0,0,0,0,8,0,0,0,1,0,0,0,0,0,0,24,0,0,0,0,8
3VS2P0ED9S9HPWVU5TDRGGPE3WLOZL,2,0,27,0,4173,95,14210,0,0,0,0,0,0,0,0,43,0,0,0,0,0,0,0,0,0,1,0,0,4,0,13,0,0,0,1,0,1,0,0,0,0,5,6,6,0,0,24
3VTCTNDIMBI4MSZRCFZ5EXG7KAVTGQ,1,0,0,0,923,7,3173,0,0,0,0,0,0,0,0,3,0,0,0,0,0,0,0,1,0,1,0,0,0,0,0,0,0,0,1,0,0,0,0,0,0,2,0,1,0,0,1
3VXAY8PX9568FZGV4FQLLH1QFO0UBC,0,0,0,0,820,10,10164,0,0,1,0,0,1,0,0,3,0,1,0,0,0,0,0,0,0,1,0,0,0,0,0,0,0,0,1,0,0,0,0,0,0,9,0,0,0,2,0
3VXAY8PXA67ITFS0HYENNTH6AGPBUQ,1,0,0,0,2203,13,7891,0,1,3,0,0,0,0,0,11,0,0,0,0,0,0,0,0,0,1,0,0,0,0,0,0,0,0,1,0,9,0,0,0,0,5,0,24,3,0,12
3W718UE9EUVUJGAIW7WCSAJ232S8KV,1,0,1,0,3115,43,9922,0,1,0,0,0,0,0,0,24,0,0,0,0,0,0,0,0,0,1,0,0,1,0,4,0,0,0,1,0,0,0,0,0,0,12,2,1,0,0,7
3W7EAH4XLRRHWHV8PSJNN5I48Z5K1Z,0,0,0,0,454,25,22509,0,0,0,0,0,0,0,0,7,0,0,0,0,0,0,0,0,0,3,0,0,1,0,0,0,0,0,1,0,2,0,0,0,0,0,1,0,0,0,4
3WAI7IWAXVDPIQMZBUA6WKWKGBTKCH,0,0,0,0,5693,1,9476,0,0,0,0,0,8,8,0,0,0,0,0,0,0,0,0,0,0,0,0,0,0,0,0,0,0,0,0,0,0,0,0,0,0,18,0,0,0,0,0
3WNTBWVI6HTKT402X941XY1LBXF1DP,1,0,0,1,574,18,6961,1,0,0,0,0,0,0,0,6,0,0,0,0,0,0,0,0,0,6,0,0,0,0,0,0,0,0,0,0,0,0,0,0,0,2,0,2,2,0,2
3WNTBWVI7IICS3U5SPMYXHW39RR1DW,0,0,0,0,877,6,3063,0,0,0,0,0,0,0,0,2,0,0,0,0,0,0,0,0,0,1,0,0,0,0,0,0,0,0,1,0,0,0,0,0,0,2,0,0,1,0,1
3X3BKUX7FNI4TQBH6Z6BCBN743AUUW,0,0,2,0,1167,5,3067,0,0,2,0,0,0,0,0,3,0,0,0,0,0,0,0,0,0,1,0,0,0,0,0,0,0,0,1,0,1,0,0,0,0,13,0,1,0,0,1
3XCMB0010Q8CROANL93DZ0TZ7HDP3B,59,0,0,7,28281,189,103271,3,13,1,0,0,84,7,74,45,0,4,0,0,0,0,0,0,0,0,0,0,0,0,2,0,0,0,0,0,35,0,0,0,0,44,1,45,1,0,39
3XFOW6US4G39LHGXH58DQK2U59EF7W,0,0,0,1,1371,7,7696,0,0,0,0,0,0,0,0,11,0,1,0,0,0,0,0,0,0,1,0,0,0,0,0,0,0,0,0,0,9,0,0,0,0,0,0,2,0,0,9
3XH5NKQXD1CEK1G2OFNXP2YO5CGQ1D,2,0,0,0,10416,62,39540,0,0,0,0,0,0,0,0,92,0,0,0,0,0,0,0,0,0,1,0,0,0,0,11,0,0,0,1,0,0,0,0,0,0,15,0,31,0,0,11
3XKJYHBF1PGIGZAV82J26HU67K1S94,39,0,3,0,5634,58,40097,0,2,0,0,0,21,0,0,30,0,0,2,0,0,0,0,0,0,12,3,0,0,0,0,0,0,0,0,0,2,0,0,0,0,9,3,12,1,0,11
3XKJYHBF2QXEJ36G795O9QJC5X59SV,0,0,0,0,482,6,6371,0,2,0,0,0,4,2,0,9,0,0,0,0,0,0,0,0,0,9,0,0,0,0,0,0,0,0,0,0,0,0,0,0,0,0,0,2,0,0,0
3XLULPCEJ5A20HTSPHJ11BGOHJ2K00,1,0,0,0,1593,13,8277,0,0,0,0,0,0,0,0,10,0,0,0,0,0,0,0,0,0,1,0,0,0,0,1,0,0,0,1,0,6,0,0,0,0,9,0,1,0,0,7
3XLULPCEK6XSKDKZU2VPQEQSWADK07,0,0,0,0,2404,6,104563,0,0,0,1,0,0,0,0,6,0,0,1,0,0,0,0,0,0,1,0,0,0,0,0,0,0,0,1,0,2,0,0,0,0,1,81,0,0,0,84
3XOONX5XJ4G5CUJT3GITEEBP8TAR9P,0,0,0,0,696,4,4834,0,0,0,0,0,1,0,0,22,0,0,0,0,0,0,0,0,0,1,0,0,0,0,4,0,0,0,1,0,0,0,0,0,0,5,0,0,0,0,4
3XQ5ITPVUWC5A41L5RJWP1DP30VQTX,0,0,1,0,1453,1,6795,0,0,1,0,0,0,0,0,3,0,1,0,0,0,0,0,0,0,1,0,0,0,0,0,0,0,0,1,0,0,0,0,0,0,21,2,0,1,0,3
3XQ5ITPVUWCZXHDQO612ZU9R46PQTU,2,0,0,0,2005,37,7053,0,0,0,0,0,3,3,0,0,0,0,0,0,0,0,0,0,0,0,0,0,0,0,0,0,0,0,0,0,0,0,0,0,0,1,0,3,0,0,0
3XQ5ITPVVXEK5RIJJ0S4JMU41HATQO,1,0,0,0,1236,7,4624,0,0,0,0,0,0,0,0,3,0,0,0,0,0,0,0,1,0,1,0,0,0,0,0,0,0,0,1,0,0,0,0,0,0,2,0,1,0,0,1
3XXLL7ZNZBX2S1C8S0AVX01M47X2SM,1,0,0,0,7498,7,40837,0,0,5,0,0,0,0,0,8,0,0,1,0,0,0,0,0,0,1,0,0,0,0,0,0,0,0,1,0,0,0,0,0,0,20,14,15,0,0,15
3Y6OYEUGD7DBA3Z0UX7LVDP3LCIS5W,0,0,0,0,706,0,2604,0,0,1,0,0,0,0,0,7,0,0,1,0,0,0,0,0,0,1,0,0,0,0,1,0,0,0,1,0,1,0,0,0,0,12,1,4,0,0,4
3YATNUOYWN28VJEWP8MVZLA65TU5R8,1,0,0,0,1394,10,5039,0,0,0,0,0,0,0,0,6,0,0,2,0,0,0,0,0,0,1,0,0,0,0,0,0,0,0,1,0,2,0,0,0,0,3,0,1,0,0,4
3YJAOW5N8OU26Z949MJ65YS6Q7GNS0,2,0,0,0,4149,95,14337,0,0,0,0,0,0,0,0,43,0,0,0,0,0,0,0,0,0,1,0,0,4,0,13,0,0,0,1,0,1,0,0,0,0,5,6,6,0,0,24
3YJAOW5N8OUDFKNJJE4VLVI018MNS9,2,0,0,0,1917,37,6762,0,0,0,0,0,3,3,0,0,0,0,0,0,0,0,0,0,0,0,0,0,0,0,0,0,0,0,0,0,0,0,0,0,0,1,0,3,0,0,0
3YJAOW5N8OUDFKNJJE4VLVI0YDQNSK,2,0,0,0,1504,37,6125,0,0,0,0,0,3,3,0,0,0,0,0,0,0,0,0,0,0,0,0,0,0,0,0,0,0,0,0,0,0,0,0,0,0,1,0,3,0,0,0
3YJAOW5N9PI929Z2OH5BG1NQ7AGNSB,0,0,0,0,1433,4,3441,0,0,0,1,0,0,0,0,2,0,0,0,0,0,0,0,0,0,2,0,0,0,0,0,0,0,0,0,0,0,0,0,0,0,3,0,0,1,0,1
3YKHA5XMY4LNHWQDYI2RHLTBGR3A75,0,0,0,0,690,6,2361,0,0,0,0,0,0,0,0,2,0,0,0,0,0,0,0,0,0,1,0,0,0,0,0,0,0,0,1,0,0,0,0,0,0,1,0,0,1,0,1
3YNFDCZ5Q3U1E5N64P4QVLD4C30NR9,2,0,0,0,1906,37,6600,0,0,0,0,0,3,3,0,0,0,0,0,0,0,0,0,0,0,0,0,0,0,0,0,0,0,0,0,0,0,0,0,0,0,1,0,3,0,0,0
3YNFDCZ5R4IX1UZP9S56QRIUL8YNRO,0,0,0,0,1433,4,3442,0,0,0,1,0,0,0,0,2,0,0,0,0,0,0,0,0,0,2,0,0,0,0,0,0,0,0,0,0,0,0,0,0,0,3,0,0,1,0,1
3YR6VNT52416IC86SLGIIDTF4TWB78,1,0,0,0,1778,11,5767,0,0,0,0,0,1,1,0,6,0,0,0,0,0,0,0,0,0,3,0,0,0,0,0,0,0,0,1,0,2,0,0,0,0,5,0,1,0,0,2
3YR6VNT5352GKULNOMVIY5386U67BS,95,0,0,0,2022,36,7389,0,0,0,0,0,0,0,0,19,0,0,0,0,0,0,0,0,0,1,0,0,0,0,5,0,0,0,1,0,2,0,0,0,0,10,0,1,6,0,13
3YS67JKWKBRVDSIQ9F8UVFJ1JQRX40,0,0,0,0,698,8,3622,0,1,2,0,0,0,0,0,11,0,0,0,0,0,0,0,0,0,1,0,0,0,0,0,0,0,0,1,0,7,0,0,0,0,14,0,22,0,0,7
3YS67JKWKBTMNDQ3LRFOMM61VUK4X5,0,0,0,0,509,0,2434,0,0,1,0,0,0,0,0,3,0,0,0,0,0,0,0,0,0,1,0,0,0,0,0,0,0,0,1,0,1,0,0,0,0,6,0,11,0,0,1
3YVLYSYEBF5NUSY0E746VZKOKNG0QY,1,0,0,0,722,8,6625,0,0,1,0,0,0,0,0,3,0,0,0,0,0,0,0,0,0,1,0,0,0,0,0,0,0,0,1,0,1,0,0,0,0,2,3,0,0,0,4
3Z1VWDJDMCSL9FEEWY1JWQIRHY8F8V,2,0,0,0,1122,0,2423,0,0,1,0,0,0,0,0,3,0,0,0,0,0,0,0,0,0,1,0,0,0,0,0,0,0,0,1,0,1,0,0,0,0,10,0,1,1,0,2
3Z1VWDJDMCXXDMC10K62ECWQF20F8X,7,0,0,1,3165,65,201042,0,2,1,0,0,3,0,1,55,0,0,0,0,0,0,0,0,0,35,0,0,0,0,2,0,0,0,0,0,5,0,0,0,0,4,0,21,2,0,9
3Z1VWDJDNDED63DNWYEYK1BZJ9X8FQ,1,0,0,0,1892,30,8298,0,0,0,0,0,1,1,0,24,0,0,0,0,0,0,0,0,0,1,0,0,0,0,1,0,0,0,1,0,0,0,0,0,0,3,0,1,0,0,1
3ZAK6NWIZ37QLEUJSP86OBIVCQQ9VS,0,0,0,0,600,10,3516,0,0,0,0,0,0,0,0,7,0,0,0,0,0,0,0,0,0,5,0,0,0,0,1,0,0,0,0,0,0,0,0,0,0,1,1,1,0,0,2
3ZFB7PFNY1ZJD1XM4GHBRRAA6FG931,20,0,0,17,6757,205,79420,0,0,0,0,0,12,0,1,33,0,0,8,0,0,0,0,0,0,1,0,0,0,0,0,0,0,0,0,0,16,0,0,0,0,11,16,36,0,0,40
3ZFB7PFNY1ZJD1XM4GHBRRAA6GF932,29,0,0,25,11107,241,96360,0,0,0,0,0,17,0,1,37,0,0,12,0,0,0,0,0,0,1,0,0,0,0,0,0,0,0,0,0,12,0,0,0,0,15,24,28,0,0,48
3ZNMTDKQXPRIYI9V3LJLED84I1Z2VB,1,0,7,0,8642,19,15647,0,0,0,0,0,0,0,0,2,0,0,0,0,0,0,0,0,0,1,0,0,0,0,0,0,0,0,1,0,0,0,0,0,0,31,0,0,5,0,5
3ZSDUF3VXOXZ44ZW3SE86JT3CR623Z,0,0,0,0,785,9,3014,0,0,0,0,0,0,0,0,7,0,0,0,0,0,0,0,0,0,1,0,0,0,0,0,0,0,0,1,0,5,0,0,0,0,2,0,0,0,0,5
3ZXEP6UEFFQUF1V5KFZ2RFEFLM08OQ,0,0,0,0,4694,61,16321,0,0,1,7,0,4,4,0,35,0,0,28,0,0,0,0,0,0,0,0,0,0,0,2,0,0,0,0,0,0,0,0,0,0,4,0,0,0,3,30